,Player_Id,Year,Rnd,Pick,Tm,Player,Pos,Position Standard,First4AV,Age,To,AP1,PB,St,CarAV,DrAV,G,Cmp,Pass_Att,Pass_Yds,Pass_TD,Pass_Int,Rush_Att,Rush_Yds,Rush_TDs,Rec,Rec_Yds,Rec_Tds,Tkl,Def_Int,Sk,College/Univ,Unnamed: 32,Conference,Conference_2,YearsPlayed,Pass_Att_G,Pass_Completion,Pass_Yds_G,Pass_TDs_G,Pass_Ints_G,Rush_Att_G,Rush_Yds_G,Rush_TDs_G,Rec_G,Rec_Yds_G,Rec_Tds_G,Total_QB_Score,Mean_Diff,Years_Played
0,WinsJa00,2015,1.0,1,TAM,Jameis Winston,QB,QB,13,21.0,2016.0,0,1,2,13.0,13.0,26.0,540.0,913.0,6722.0,42.0,25.0,86.0,311.0,7.0,,,,,,,Florida St.,,ACC,Power 5,2.0,35.11538461538461,0.5914567360350493,258.53846153846155,1.6153846153846154,0.9615384615384616,3.3076923076923075,11.961538461538462,0.2692307692307692,0.0,0.0,0.0,21.997259668042805,8.689635451639143,1.0
1,MariMa01,2015,1.0,2,TEN,Marcus Mariota,QB,QB,9,21.0,2016.0,0,0,2,9.0,9.0,23.0,458.0,725.0,5590.0,42.0,18.0,79.0,516.0,4.0,1.0,41.0,1.0,,,,Oregon,,Pac 12,Power 5,2.0,31.52173913043478,0.6317241379310344,243.04347826086956,1.826086956521739,0.782608695652174,3.4347826086956523,22.434782608695652,0.17391304347826086,0.043478260869565216,1.7826086956521738,0.043478260869565216,24.728110944527735,11.420486728124073,1.0
258,BortBl00,2014,1.0,3,JAX,Blake Bortles,QB,QB,19,22.0,2016.0,0,0,3,19.0,19.0,40.0,885.0,1496.0,9959.0,64.0,48.0,145.0,942.0,3.0,,,,2.0,,,Central Florida,,Not Power 5,Not Power 5,3.0,37.4,0.5915775401069518,248.975,1.6,1.2,3.625,23.55,0.075,0.0,0.0,0.0,20.94515040106952,7.637526184665857,2.0
277,ManzJo00,2014,1.0,22,CLE,Johnny Manziel,QB,QB,5,21.0,2015.0,0,0,0,5.0,5.0,15.0,147.0,258.0,1675.0,7.0,7.0,46.0,259.0,1.0,,,,,,,Texas A&M,,SEC,Power 5,2.0,17.2,0.5697674418604651,111.66666666666667,0.4666666666666667,0.4666666666666667,3.066666666666667,17.266666666666666,0.06666666666666667,0.0,0.0,0.0,12.016007751937984,-1.2916164644656778,1.0
287,BridTe00,2014,1.0,32,MIN,Teddy Bridgewater,QB,QB,22,21.0,2015.0,0,1,2,22.0,22.0,29.0,551.0,849.0,6150.0,28.0,21.0,91.0,401.0,4.0,,,,1.0,,,Louisville,,ACC,Power 5,2.0,29.275862068965516,0.6489988221436984,212.06896551724137,0.9655172413793104,0.7241379310344828,3.1379310344827585,13.827586206896552,0.13793103448275862,0.0,0.0,0.0,17.62274684212664,4.31512262572298,1.0
291,CarrDe02,2014,2.0,36,OAK,Derek Carr,QB,QB,18,23.0,2016.0,0,1,3,18.0,18.0,42.0,953.0,1557.0,10057.0,73.0,29.0,86.0,292.0,0.0,0.0,0.0,0.0,1.0,,,Fresno St.,,Not Power 5,Not Power 5,3.0,37.07142857142857,0.6120745022479126,239.45238095238096,1.7380952380952381,0.6904761904761905,2.0476190476190474,6.9523809523809526,0.0,0.0,0.0,0.0,21.159435498669602,7.85181128226594,2.0
317,GaroJi00,2014,2.0,62,NWE,Jimmy Garoppolo,QB,QB,1,22.0,2016.0,0,0,0,1.0,1.0,15.0,62.0,91.0,684.0,5.0,0.0,22.0,12.0,0.0,1.0,3.0,0.0,,,,East. Illinois,,Not Power 5,Not Power 5,3.0,6.066666666666666,0.6813186813186813,45.6,0.3333333333333333,0.0,1.4666666666666666,0.8,0.0,0.06666666666666667,0.2,0.0,10.053186813186814,-3.2544374032168477,2.0
433,MettZa00,2014,6.0,178,TEN,Zach Mettenberger,QB,QB,1,23.0,2015.0,0,0,0,1.0,1.0,14.0,208.0,345.0,2347.0,12.0,14.0,14.0,12.0,1.0,,,,,,,LSU,,Not Power 5,Not Power 5,2.0,24.642857142857142,0.6028985507246377,167.64285714285714,0.8571428571428571,1.0,1.0,0.8571428571428571,0.07142857142857142,0.0,0.0,0.0,12.877199792960662,-0.43042442344300014,1.0
527,ManuEJ00,2013,1.0,16,BUF,EJ Manuel,QB,QB,9,23.0,2016.0,0,0,1,9.0,9.0,26.0,310.0,526.0,3416.0,19.0,15.0,91.0,315.0,4.0,,,,2.0,,,Florida St.,,ACC,Power 5,4.0,20.23076923076923,0.5893536121673004,131.3846153846154,0.7307692307692307,0.5769230769230769,3.5,12.115384615384615,0.15384615384615385,0.0,0.0,0.0,13.966613044749929,0.658988828346267,3.0
550,SmitGe00,2013,2.0,39,NYJ,Geno Smith,QB,QB,14,22.0,2016.0,0,0,2,14.0,14.0,33.0,501.0,866.0,5962.0,28.0,36.0,135.0,647.0,7.0,1.0,13.0,0.0,2.0,,,West Virginia,,Big 12,Power 5,4.0,26.242424242424242,0.5785219399538106,180.66666666666666,0.8484848484848485,1.0909090909090908,4.090909090909091,19.606060606060606,0.21212121212121213,0.030303030303030304,0.3939393939393939,0.0,15.392795157113863,2.085170940710201,3.0
584,GlenMi00,2013,3.0,73,TAM,Mike Glennon,QB,QB,11,23.0,2016.0,0,0,1,11.0,11.0,21.0,374.0,630.0,4100.0,30.0,15.0,37.0,86.0,0.0,,,,2.0,,,North Carolina St.,,ACC,Power 5,4.0,30.0,0.5936507936507937,195.23809523809524,1.4285714285714286,0.7142857142857143,1.7619047619047619,4.095238095238095,0.0,0.0,0.0,0.0,17.655555555555555,4.347931339151893,3.0
626,JoneLa02,2013,4.0,115,PIT,Landry Jones,QB,QB,1,24.0,2016.0,0,0,0,1.0,1.0,14.0,61.0,104.0,794.0,4.0,5.0,10.0,-8.0,0.0,,,,,,,Oklahoma,,Big 12,Power 5,4.0,7.428571428571429,0.5865384615384616,56.714285714285715,0.2857142857142857,0.35714285714285715,0.7142857142857143,-0.5714285714285714,0.0,0.0,0.0,0.0,7.868956043956045,-5.438668172447617,3.0
766,LuckAn00,2012,1.0,1,IND,Andrew Luck,QB,QB,48,23.0,2016.0,0,3,4,45.0,45.0,65.0,1460.0,2481.0,17665.0,120.0,63.0,273.0,1347.0,13.0,,,,6.0,,,Stanford,,Pac 12,Power 5,5.0,38.16923076923077,0.588472390165256,271.7692307692308,1.8461538461538463,0.9692307692307692,4.2,20.723076923076924,0.2,0.0,0.0,0.0,24.12049313242179,10.812868916018127,4.0
767,GrifRo01,2012,1.0,2,WAS,Robert Griffin,QB,QB,33,22.0,2016.0,0,1,2,32.0,32.0,38.0,691.0,1089.0,8287.0,40.0,24.0,249.0,1517.0,8.0,0.0,0.0,0.0,2.0,,,Baylor,,Big 12,Power 5,5.0,28.657894736842106,0.6345270890725436,218.07894736842104,1.0526315789473684,0.631578947368421,6.552631578947368,39.921052631578945,0.21052631578947367,0.0,0.0,0.0,21.473560364409646,8.165936148005985,4.0
773,TannRy00,2012,1.0,8,MIA,Ryan Tannehill,QB,QB,45,24.0,2016.0,0,0,5,42.0,42.0,74.0,1589.0,2547.0,17749.0,99.0,62.0,204.0,1011.0,6.0,2.0,5.0,0.0,5.0,,,Texas A&M,,SEC,Power 5,5.0,34.41891891891892,0.6238712210443659,239.85135135135135,1.337837837837838,0.8378378378378378,2.7567567567567566,13.662162162162161,0.08108108108108109,0.02702702702702703,0.06756756756756757,0.0,19.60796896720042,6.300344750796759,4.0
787,WeedBr00,2012,1.0,22,CLE,Brandon Weeden,QB,QB,15,28.0,2015.0,0,0,1,14.0,11.0,34.0,559.0,965.0,6462.0,31.0,30.0,61.0,201.0,1.0,0.0,-9.0,0.0,,,,Oklahoma St.,,Big 12,Power 5,4.0,28.38235294117647,0.5792746113989637,190.05882352941177,0.9117647058823529,0.8823529411764706,1.7941176470588236,5.911764705882353,0.029411764705882353,0.0,-0.2647058823529412,0.0,14.108922584577876,0.8012983681742138,3.0
822,OsweBr00,2012,2.0,57,DEN,Brock Osweiler,QB,QB,5,21.0,2016.0,0,0,1,5.0,5.0,31.0,403.0,668.0,4187.0,23.0,16.0,61.0,139.0,1.0,1.0,-6.0,0.0,,,,Arizona St.,,Pac 12,Power 5,5.0,21.548387096774192,0.6032934131736527,135.06451612903226,0.7419354838709677,0.5161290322580645,1.967741935483871,4.483870967741935,0.03225806451612903,0.03225806451612903,-0.1935483870967742,0.0,12.935353486575236,-0.3722707298284256,4.0
840,WilsRu00,2012,3.0,75,SEA,Russell Wilson,QB,QB,70,23.0,2016.0,0,3,5,65.0,65.0,74.0,1344.0,2070.0,16688.0,117.0,36.0,450.0,2509.0,13.0,3.0,31.0,1.0,4.0,,,Wisconsin,,Big 10,Power 5,5.0,27.972972972972972,0.6492753623188405,225.51351351351352,1.5810810810810811,0.4864864864864865,6.081081081081081,33.9054054054054,0.17567567567567569,0.04054054054054054,0.4189189189189189,0.013513513513513514,24.725186055620842,11.41756183921718,4.0
853,FoleNi00,2012,3.0,88,PHI,Nick Foles,QB,QB,23,23.0,2016.0,0,1,3,22.0,19.0,41.0,776.0,1285.0,9215.0,56.0,27.0,105.0,347.0,5.0,,,,2.0,,,Arizona,,Pac 12,Power 5,5.0,31.341463414634145,0.6038910505836576,224.7560975609756,1.3658536585365855,0.6585365853658537,2.5609756097560976,8.463414634146341,0.12195121951219512,0.0,0.0,0.0,19.45537392047072,6.147749704067058,4.0
867,CousKi00,2012,4.0,102,WAS,Kirk Cousins,QB,QB,16,24.0,2016.0,0,0,2,16.0,16.0,41.0,918.0,1387.0,10736.0,67.0,37.0,61.0,153.0,6.0,,,,,,,Michigan St.,,Big 10,Power 5,5.0,33.829268292682926,0.661860129776496,261.8536585365854,1.6341463414634145,0.9024390243902439,1.4878048780487805,3.731707317073171,0.14634146341463414,0.0,0.0,0.0,21.513723248984476,8.206099032580815,4.0
1019,NewtCa00,2011,1.0,1,CAR,Cam Newton,QB,QB,83,22.0,2016.0,1,3,5,76.0,76.0,87.0,1615.0,2728.0,20449.0,128.0,71.0,661.0,3475.0,47.0,1.0,33.0,0.0,6.0,,,Auburn,,SEC,Power 5,6.0,31.35632183908046,0.592008797653959,235.04597701149424,1.471264367816092,0.8160919540229885,7.597701149425287,39.94252873563219,0.5402298850574713,0.011494252873563218,0.3793103448275862,0.0,25.449110965045342,12.14148674864168,5.0
1026,LockJa00,2011,1.0,8,TEN,Jake Locker,QB,QB,16,23.0,2014.0,0,0,1,15.0,15.0,30.0,408.0,709.0,4967.0,27.0,22.0,95.0,644.0,5.0,0.0,0.0,0.0,2.0,,,Washington,,Pac 12,Power 5,4.0,23.633333333333333,0.5754583921015515,165.56666666666666,0.9,0.7333333333333333,3.1666666666666665,21.466666666666665,0.16666666666666666,0.0,0.0,0.0,16.24041725434885,2.9327930379451868,3.0
1028,GabbBl00,2011,1.0,10,JAX,Blaine Gabbert,QB,QB,13,21.0,2016.0,0,0,3,12.0,7.0,42.0,682.0,1216.0,7316.0,38.0,37.0,147.0,548.0,3.0,1.0,-16.0,0.0,1.0,,,Missouri,,SEC,Power 5,6.0,28.952380952380953,0.5608552631578947,174.1904761904762,0.9047619047619048,0.8809523809523809,3.5,13.047619047619047,0.07142857142857142,0.023809523809523808,-0.38095238095238093,0.0,14.444266917293236,1.136642700889574,5.0
1030,PondCh00,2011,1.0,12,MIN,Christian Ponder,QB,QB,23,23.0,2014.0,0,0,3,22.0,22.0,38.0,632.0,1057.0,6658.0,38.0,36.0,126.0,639.0,7.0,1.0,-15.0,0.0,5.0,,,Florida St.,,ACC,Power 5,4.0,27.81578947368421,0.597918637653737,175.21052631578948,1.0,0.9473684210526315,3.3157894736842106,16.81578947368421,0.18421052631578946,0.02631578947368421,-0.39473684210526316,0.0,16.264712692326846,2.957088475923184,3.0
1053,DaltAn00,2011,2.0,35,CIN,Andy Dalton,QB,QB,61,23.0,2016.0,0,2,6,55.0,55.0,87.0,1789.0,2857.0,20768.0,135.0,79.0,296.0,905.0,17.0,1.0,18.0,1.0,5.0,,,TCU,,Big 12,Power 5,6.0,32.839080459770116,0.6261813090654532,238.71264367816093,1.5517241379310345,0.9080459770114943,3.4022988505747125,10.402298850574713,0.19540229885057472,0.011494252873563218,0.20689655172413793,0.011494252873563218,21.118134929734993,7.810510713331331,5.0
1054,KaepCo00,2011,2.0,36,SFO,Colin Kaepernick,QB,QB,40,23.0,2016.0,0,0,3,38.0,38.0,63.0,901.0,1523.0,11174.0,63.0,28.0,342.0,2092.0,12.0,,,,1.0,,,Nevada,,Not Power 5,Not Power 5,6.0,24.174603174603174,0.5915955351280368,177.36507936507937,1.0,0.4444444444444444,5.428571428571429,33.20634920634921,0.19047619047619047,0.0,0.0,0.0,19.48024106556608,6.172616849162418,5.0
1092,MallRy00,2011,3.0,74,NWE,Ryan Mallett,QB,QB,4,23.0,2016.0,0,0,0,4.0,0.0,17.0,179.0,324.0,1762.0,7.0,9.0,21.0,1.0,1.0,,,,,,,Arkansas,,SEC,Power 5,6.0,19.058823529411764,0.5524691358024691,103.6470588235294,0.4117647058823529,0.5294117647058824,1.2352941176470589,0.058823529411764705,0.058823529411764705,0.0,0.0,0.0,9.357044299201164,-3.9505799172024982,5.0
1170,YateT.00,2011,5.0,152,HOU,T.J. Yates,QB,QB,0,24.0,2015.0,0,0,0,4.0,4.0,18.0,132.0,227.0,1534.0,6.0,8.0,23.0,56.0,1.0,,,,2.0,,,North Carolina,,ACC,Power 5,5.0,12.61111111111111,0.5814977973568282,85.22222222222223,0.3333333333333333,0.4444444444444444,1.2777777777777777,3.111111111111111,0.05555555555555555,0.0,0.0,0.0,9.25664464023495,-4.050979576168713,4.0
1198,TaylTy00,2011,6.0,180,BAL,Tyrod Taylor,QB,QB,14,22.0,2016.0,0,1,2,14.0,1.0,38.0,442.0,710.0,5169.0,30.0,12.0,194.0,1105.0,9.0,2.0,10.0,0.0,1.0,,,Virginia Tech,,ACC,Power 5,6.0,18.68421052631579,0.6225352112676056,136.02631578947367,0.7894736842105263,0.3157894736842105,5.105263157894737,29.07894736842105,0.23684210526315788,0.05263157894736842,0.2631578947368421,0.0,17.77074684951816,4.4631226331145,5.0
1273,BradSa00,2010,1.0,1,STL,Sam Bradford,QB,QB,27,22.0,2016.0,0,0,5,33.0,25.0,73.0,1626.0,2640.0,17205.0,90.0,55.0,134.0,283.0,2.0,1.0,5.0,0.0,2.0,,,Oklahoma,,Big 12,Power 5,7.0,36.16438356164384,0.615909090909091,235.68493150684932,1.2328767123287672,0.7534246575342466,1.8356164383561644,3.8767123287671232,0.0273972602739726,0.0136986301369863,0.0684931506849315,0.0,17.747104607721045,4.4394803913173835,6.0
1297,TeboTi00,2010,1.0,25,DEN,Tim Tebow,QB,QB,12,23.0,2012.0,0,0,1,12.0,11.0,35.0,173.0,361.0,2422.0,17.0,9.0,197.0,989.0,12.0,0.0,0.0,0.0,,,,Florida,,SEC,Power 5,3.0,10.314285714285715,0.4792243767313019,69.2,0.4857142857142857,0.2571428571428571,5.628571428571429,28.257142857142856,0.34285714285714286,0.0,0.0,0.0,13.547958053027306,0.24033383662364471,2.0
1320,ClauJi00,2010,2.0,48,CAR,Jimmy Clausen,QB,QB,1,23.0,2015.0,0,0,1,3.0,0.0,22.0,255.0,472.0,2520.0,7.0,14.0,37.0,102.0,0.0,,,,1.0,,,Notre Dame,,Not Power 5,Not Power 5,6.0,21.454545454545453,0.5402542372881356,114.54545454545455,0.3181818181818182,0.6363636363636364,1.6818181818181819,4.636363636363637,0.0,0.0,0.0,0.0,8.729815100154083,-4.577809116249579,5.0
1357,McCoCo00,2010,3.0,85,CLE,Colt McCoy,QB,QB,13,24.0,2015.0,0,0,2,12.0,10.0,34.0,508.0,842.0,5586.0,26.0,23.0,118.0,420.0,2.0,2.0,8.0,0.0,2.0,,,Texas,,Big 12,Power 5,6.0,24.764705882352942,0.6033254156769596,164.2941176470588,0.7647058823529411,0.6764705882352942,3.4705882352941178,12.352941176470589,0.058823529411764705,0.058823529411764705,0.23529411764705882,0.0,14.311195333240184,1.0035711168365218,5.0
1427,SkelJo00,2010,5.0,155,ARI,John Skelton,QB,QB,4,22.0,2012.0,0,0,0,4.0,4.0,20.0,320.0,602.0,3707.0,15.0,25.0,42.0,182.0,0.0,,,,1.0,,,Fordham,,Not Power 5,Not Power 5,3.0,30.1,0.53156146179402,185.35,0.75,1.25,2.1,9.1,0.0,0.0,0.0,0.0,11.6093646179402,-1.698259598463462,2.0
1528,StafMa00,2009,1.0,1,DET,Matthew Stafford,QB,QB,47,21.0,2016.0,0,1,7,64.0,64.0,104.0,2507.0,4082.0,28859.0,182.0,103.0,232.0,800.0,12.0,2.0,-3.0,0.0,7.0,,,Georgia,,SEC,Power 5,8.0,39.25,0.6141597256246938,277.49038461538464,1.75,0.9903846153846154,2.230769230769231,7.6923076923076925,0.11538461538461539,0.019230769230769232,-0.028846153846153848,0.0,22.066356871631555,8.758732655227893,7.0
1532,SancMa00,2009,1.0,5,NYJ,Mark Sanchez,QB,QB,29,22.0,2016.0,0,0,5,34.0,27.0,76.0,1286.0,2268.0,15134.0,86.0,84.0,167.0,449.0,13.0,,,,3.0,,,,,Not Power 5,Not Power 5,8.0,29.842105263157894,0.5670194003527337,199.1315789473684,1.131578947368421,1.105263157894737,2.1973684210526314,5.907894736842105,0.17105263157894737,0.0,0.0,0.0,15.739272950895758,2.4316487344920965,7.0
1544,FreeJo00,2009,1.0,17,TAM,Josh Freeman,QB,QB,40,21.0,2015.0,0,0,4,38.0,37.0,62.0,1179.0,2048.0,13873.0,81.0,68.0,205.0,946.0,4.0,0.0,-3.0,0.0,6.0,,,,,Not Power 5,Not Power 5,7.0,33.03225806451613,0.57568359375,223.75806451612902,1.3064516129032258,1.096774193548387,3.306451612903226,15.258064516129032,0.06451612903225806,0.0,-0.04838709677419355,0.0,17.807239163306452,4.49961494690279,6.0
1728,PainCu00,2009,6.0,201,IND,Curtis Painter,QB,QB,2,24.0,2013.0,0,0,1,2.0,2.0,14.0,148.0,287.0,1681.0,6.0,13.0,23.0,109.0,0.0,,,,1.0,,,,,Not Power 5,Not Power 5,5.0,20.5,0.5156794425087108,120.07142857142857,0.42857142857142855,0.9285714285714286,1.6428571428571428,7.785714285714286,0.0,0.0,0.0,0.0,8.722865853658538,-4.584758362745124,4.0
1786,RyanMa00,2008,1.0,3,ATL,Matt Ryan,QB,QB,73,23.0,2016.0,0,3,9,96.0,96.0,136.0,3151.0,4876.0,36004.0,226.0,112.0,307.0,832.0,5.0,,,,1.0,,,Boston Col.,,Not Power 5,Not Power 5,9.0,35.85294117647059,0.6462264150943396,264.7352941176471,1.661764705882353,0.8235294117647058,2.2573529411764706,6.117647058823529,0.03676470588235294,0.0,0.0,0.0,21.412999445061043,8.105375228657381,8.0
1801,FlacJo00,2008,1.0,18,BAL,Joe Flacco,QB,QB,61,23.0,2016.0,0,0,9,75.0,75.0,132.0,2739.0,4484.0,30965.0,172.0,111.0,297.0,693.0,15.0,2.0,35.0,0.0,6.0,,,Delaware,,Not Power 5,Not Power 5,9.0,33.96969696969697,0.6108385370205174,234.58333333333334,1.303030303030303,0.8409090909090909,2.25,5.25,0.11363636363636363,0.015151515151515152,0.26515151515151514,0.0,18.501756582326387,5.194132365922725,8.0
1840,HennCh01,2008,2.0,57,MIA,Chad Henne,QB,QB,22,23.0,2016.0,0,0,3,27.0,17.0,65.0,1159.0,1954.0,12931.0,58.0,63.0,117.0,360.0,3.0,1.0,-6.0,0.0,2.0,,,Michigan,,Big 10,Power 5,9.0,30.06153846153846,0.5931422722620266,198.93846153846152,0.8923076923076924,0.9692307692307692,1.8,5.538461538461538,0.046153846153846156,0.015384615384615385,-0.09230769230769231,0.0,14.172576568774115,0.8649523523704534,8.0
1943,JohnJo05,2008,5.0,160,TAM,Josh Johnson,QB,QB,4,22.0,2013.0,0,0,0,4.0,4.0,29.0,96.0,177.0,1042.0,5.0,10.0,44.0,274.0,0.0,0.0,0.0,0.0,2.0,,,San Diego,,Not Power 5,Not Power 5,6.0,6.103448275862069,0.5423728813559322,35.93103448275862,0.1724137931034483,0.3448275862068966,1.5172413793103448,9.448275862068966,0.0,0.0,0.0,0.0,7.266832261835184,-6.040791954568478,5.0
1992,FlynMa00,2008,7.0,209,GNB,Matt Flynn,QB,QB,3,23.0,2014.0,0,0,0,8.0,7.0,53.0,219.0,357.0,2541.0,17.0,11.0,65.0,69.0,1.0,,,,2.0,,,LSU,,Not Power 5,Not Power 5,7.0,6.735849056603773,0.6134453781512605,47.943396226415096,0.32075471698113206,0.20754716981132076,1.2264150943396226,1.3018867924528301,0.018867924528301886,0.0,0.0,0.0,8.878321706040907,-4.429302510362755,6.0
2036,RussJa00,2007,1.0,1,OAK,JaMarcus Russell,QB,QB,6,22.0,2009.0,0,0,2,6.0,6.0,31.0,354.0,680.0,4083.0,18.0,23.0,40.0,175.0,1.0,0.0,0.0,0.0,2.0,,,LSU,,Not Power 5,Not Power 5,3.0,21.93548387096774,0.5205882352941177,131.70967741935485,0.5806451612903226,0.7419354838709677,1.2903225806451613,5.645161290322581,0.03225806451612903,0.0,0.0,0.0,10.514753320683113,-2.792870895720549,2.0
2057,QuinBr00,2007,1.0,22,CLE,Brady Quinn,QB,QB,3,22.0,2012.0,0,0,2,2.0,3.0,24.0,296.0,550.0,3043.0,12.0,17.0,44.0,185.0,1.0,1.0,18.0,0.0,2.0,,,Notre Dame,,Not Power 5,Not Power 5,6.0,22.916666666666668,0.5381818181818182,126.79166666666667,0.5,0.7083333333333334,1.8333333333333333,7.708333333333333,0.041666666666666664,0.041666666666666664,0.75,0.0,10.522443181818181,-2.785181034585481,5.0
2071,KolbKe00,2007,2.0,36,PHI,Kevin Kolb,QB,QB,10,23.0,2012.0,0,0,1,12.0,4.0,34.0,449.0,755.0,5206.0,28.0,25.0,69.0,229.0,2.0,,,,2.0,,,Houston,,Not Power 5,Not Power 5,6.0,22.205882352941178,0.5947019867549669,153.11764705882354,0.8235294117647058,0.7352941176470589,2.0294117647058822,6.735294117647059,0.058823529411764705,0.0,0.0,0.0,13.536725749902612,0.2291015334989499,5.0
2078,StanDr00,2007,2.0,43,DET,Drew Stanton,QB,QB,4,23.0,2016.0,0,0,1,9.0,4.0,32.0,264.0,496.0,3157.0,14.0,18.0,71.0,213.0,2.0,,,,2.0,,,Michigan St.,,Big 10,Power 5,10.0,15.5,0.532258064516129,98.65625,0.4375,0.5625,2.21875,6.65625,0.0625,0.0,0.0,0.0,9.76711189516129,-3.540512321242371,9.0
2127,EdwaTr01,2007,3.0,92,BUF,Trent Edwards,QB,QB,18,23.0,2012.0,0,0,2,17.0,16.0,38.0,563.0,929.0,6033.0,26.0,30.0,78.0,330.0,3.0,0.0,0.0,0.0,1.0,,,Stanford,,Pac 12,Power 5,6.0,24.44736842105263,0.6060279870828849,158.76315789473685,0.6842105263157895,0.7894736842105263,2.0526315789473686,8.68421052631579,0.07894736842105263,0.0,0.0,0.0,13.108306186618321,-0.1993180297853403,5.0
2209,SmitTr02,2007,5.0,174,BAL,Troy Smith,QB,QB,6,23.0,2010.0,0,0,0,6.0,2.0,20.0,121.0,234.0,1734.0,8.0,5.0,52.0,230.0,3.0,1.0,36.0,0.0,2.0,,,Ohio St.,,Big 10,Power 5,4.0,11.7,0.5170940170940171,86.7,0.4,0.25,2.6,11.5,0.15,0.05,1.8,0.0,11.218440170940172,-2.0891840454634902,3.0
2252,ThigTy00,2007,7.0,217,MIN,Tyler Thigpen,QB,QB,10,23.0,2012.0,0,0,1,10.0,,29.0,275.0,509.0,3222.0,21.0,18.0,79.0,469.0,3.0,1.0,37.0,1.0,1.0,,,Coastal Carolina,,Not Power 5,Not Power 5,6.0,17.551724137931036,0.5402750491159135,111.10344827586206,0.7241379310344828,0.6206896551724138,2.7241379310344827,16.17241379310345,0.10344827586206896,0.034482758620689655,1.2758620689655173,0.034482758620689655,13.235509111848792,-0.0721151045548698,5.0
2293,YounVi00,2006,1.0,3,TEN,Vince Young,QB,QB,33,23.0,2011.0,0,2,4,33.0,31.0,60.0,755.0,1304.0,8964.0,46.0,51.0,282.0,1459.0,12.0,,,,5.0,,,Texas,,Big 12,Power 5,6.0,21.733333333333334,0.5789877300613497,149.4,0.7666666666666667,0.85,4.7,24.316666666666666,0.2,0.0,0.0,0.0,15.206543967280165,1.8989197508765034,5.0
2300,LeinMa00,2006,1.0,10,ARI,Matt Leinart,QB,QB,12,23.0,2012.0,0,0,1,12.0,12.0,33.0,366.0,641.0,4065.0,15.0,21.0,47.0,89.0,2.0,,,,,,,USC,,Pac 12,Power 5,7.0,19.424242424242426,0.5709828393135725,123.18181818181819,0.45454545454545453,0.6363636363636364,1.4242424242424243,2.696969696969697,0.06060606060606061,0.0,0.0,0.0,10.24088899919633,-3.0667352172073326,6.0
2301,CutlJa00,2006,1.0,11,DEN,Jay Cutler,QB,QB,52,23.0,2016.0,0,1,9,83.0,28.0,139.0,2782.0,4491.0,32467.0,208.0,146.0,367.0,1650.0,9.0,,,,11.0,,,Vanderbilt,,SEC,Power 5,11.0,32.30935251798561,0.6194611445112447,233.57553956834533,1.4964028776978417,1.0503597122302157,2.6402877697841727,11.870503597122303,0.06474820143884892,0.0,0.0,0.0,19.43687763216281,6.1292534157591465,10.0
2339,ClemKe00,2006,2.0,49,NYJ,Kellen Clemens,QB,QB,3,23.0,2016.0,0,0,2,10.0,3.0,50.0,344.0,630.0,4017.0,16.0,20.0,80.0,232.0,3.0,0.0,0.0,0.0,,,,Oregon,,Pac 12,Power 5,11.0,12.6,0.546031746031746,80.34,0.32,0.4,1.6,4.64,0.06,0.0,0.0,0.0,9.012817460317459,-4.294806756086203,10.0
2354,JackTa00,2006,2.0,64,MIN,Tarvaris Jackson,QB,QB,13,23.0,2015.0,0,0,2,21.0,12.0,59.0,640.0,1073.0,7263.0,39.0,35.0,171.0,636.0,6.0,,,,3.0,,,Alabama St.,,Not Power 5,Not Power 5,10.0,18.1864406779661,0.5964585274930102,123.10169491525424,0.6610169491525424,0.5932203389830508,2.8983050847457625,10.779661016949152,0.1016949152542373,0.0,0.0,0.0,12.9167039189979,-0.39092029740576173,9.0
2371,WhitCh02,2006,3.0,81,SDG,Charlie Whitehurst,QB,QB,2,24.0,2016.0,0,0,0,7.0,0.0,26.0,219.0,396.0,2463.0,11.0,8.0,56.0,156.0,2.0,0.0,10.0,0.0,,,,Clemson,,ACC,Power 5,11.0,15.23076923076923,0.553030303030303,94.73076923076923,0.4230769230769231,0.3076923076923077,2.1538461538461537,6.0,0.07692307692307693,0.0,0.38461538461538464,0.0,10.613956876456875,-2.6936673399467868,10.0
2375,CroyBr00,2006,3.0,85,KAN,Brodie Croyle,QB,QB,2,23.0,2010.0,0,0,0,2.0,2.0,18.0,181.0,319.0,1669.0,8.0,9.0,10.0,15.0,0.0,,,,1.0,,,Alabama,,SEC,Power 5,5.0,17.72222222222222,0.567398119122257,92.72222222222223,0.4444444444444444,0.5,0.5555555555555556,0.8333333333333334,0.0,0.0,0.0,0.0,9.242036746778126,-4.065587469625536,4.0
2393,SmitBr01,2006,4.0,103,NYJ,Brad Smith,QB,QB,13,22.0,2014.0,0,0,1,17.0,11.0,127.0,4.0,10.0,51.0,1.0,2.0,134.0,972.0,4.0,104.0,987.0,5.0,72.0,,,Missouri,,SEC,Power 5,9.0,0.07874015748031496,0.4,0.4015748031496063,0.007874015748031496,0.015748031496062992,1.0551181102362204,7.653543307086614,0.031496062992125984,0.8188976377952756,7.771653543307087,0.03937007874015748,5.977755905511811,-7.329868310891851,8.0
2484,GradBr00,2006,6.0,194,TAM,Bruce Gradkowski,QB,QB,8,23.0,2014.0,0,0,1,8.0,3.0,37.0,375.0,709.0,4057.0,21.0,24.0,88.0,329.0,0.0,,,,3.0,,,Toledo,,Not Power 5,Not Power 5,9.0,19.16216216216216,0.5289139633286318,109.64864864864865,0.5675675675675675,0.6486486486486487,2.3783783783783785,8.891891891891891,0.0,0.0,0.0,0.0,10.379004498151183,-2.928619718252479,8.0
2546,SmitAl03,2005,1.0,1,SFO,Alex Smith,QB,QB,14,21.0,2016.0,0,1,8,72.0,31.0,135.0,2411.0,3921.0,26421.0,151.0,87.0,446.0,1998.0,10.0,2.0,-10.0,0.0,9.0,,,Utah,,Pac 12,Power 5,12.0,29.044444444444444,0.6148941596531498,195.7111111111111,1.1185185185185185,0.6444444444444445,3.303703703703704,14.8,0.07407407407407407,0.014814814814814815,-0.07407407407407407,0.0,17.73653418912409,4.428909972720428,11.0
2569,RodgAa00,2005,1.0,24,GNB,Aaron Rodgers,QB,QB,34,21.0,2016.0,2,5,9,112.0,112.0,136.0,2892.0,4457.0,35160.0,282.0,72.0,474.0,2434.0,24.0,1.0,-1.0,0.0,6.0,,,California,,Pac 12,Power 5,12.0,32.77205882352941,0.6488669508638097,258.52941176470586,2.073529411764706,0.5294117647058824,3.485294117647059,17.897058823529413,0.17647058823529413,0.007352941176470588,-0.007352941176470588,0.0,26.65264009687339,13.34501588046973,11.0
2570,CampJa00,2005,1.0,25,WAS,Jason Campbell,QB,QB,44,23.0,2014.0,0,0,5,47.0,32.0,90.0,1519.0,2518.0,16771.0,87.0,60.0,240.0,1204.0,6.0,,,,1.0,,,Auburn,,SEC,Power 5,10.0,27.977777777777778,0.6032565528196981,186.34444444444443,0.9666666666666667,0.6666666666666666,2.6666666666666665,13.377777777777778,0.06666666666666667,0.0,0.0,0.0,16.22895441708587,2.921330200682208,9.0
2612,FryeCh00,2005,3.0,67,CLE,Charlie Frye,QB,QB,8,24.0,2009.0,0,0,1,8.0,7.0,26.0,419.0,676.0,4154.0,17.0,29.0,72.0,347.0,4.0,,,,1.0,,,Akron,,Not Power 5,Not Power 5,5.0,26.0,0.6198224852071006,159.76923076923077,0.6538461538461539,1.1153846153846154,2.769230769230769,13.346153846153847,0.15384615384615385,0.0,0.0,0.0,13.02707100591716,-0.2805532104865023,4.0
2614,WaltAn00,2005,3.0,69,OAK,Andrew Walter,QB,QB,1,23.0,2008.0,0,0,1,1.0,1.0,15.0,174.0,333.0,1919.0,3.0,16.0,19.0,49.0,0.0,,,,4.0,,,Arizona St.,,Pac 12,Power 5,4.0,22.2,0.5225225225225225,127.93333333333334,0.2,1.0666666666666667,1.2666666666666666,3.2666666666666666,0.0,0.0,0.0,0.0,6.750225225225227,-6.5573989911784345,3.0
2651,OrtoKy00,2005,4.0,106,CHI,Kyle Orton,QB,QB,23,22.0,2014.0,0,0,5,41.0,10.0,87.0,1613.0,2712.0,18037.0,101.0,69.0,126.0,296.0,4.0,,,,7.0,,,Purdue,,Big 10,Power 5,10.0,31.17241379310345,0.5947640117994101,207.32183908045977,1.160919540229885,0.7931034482758621,1.4482758620689655,3.4022988505747125,0.04597701149425287,0.0,0.0,0.0,16.332984945580307,3.0253607291766453,9.0
2690,OrloDa00,2005,5.0,145,DET,Dan Orlovsky,QB,QB,4,22.0,2015.0,0,0,0,7.0,5.0,27.0,298.0,512.0,3132.0,15.0,13.0,13.0,34.0,0.0,,,,1.0,,,Connecticut,,Not Power 5,Not Power 5,11.0,18.962962962962962,0.58203125,116.0,0.5555555555555556,0.48148148148148145,0.48148148148148145,1.2592592592592593,0.0,0.0,0.0,0.0,10.735127314814816,-2.5724969015888455,10.0
2758,AndeDe00,2005,6.0,213,BAL,Derek Anderson,QB,QB,18,22.0,2016.0,0,1,3,21.0,,71.0,865.0,1595.0,10396.0,60.0,59.0,99.0,229.0,5.0,,,,2.0,,,Oregon St.,,Pac 12,Power 5,12.0,22.464788732394368,0.542319749216301,146.42253521126761,0.8450704225352113,0.8309859154929577,1.3943661971830985,3.2253521126760565,0.07042253521126761,0.0,0.0,0.0,12.406296083712308,-0.9013281326913543,11.0
2775,CassMa00,2005,7.0,230,NWE,Matt Cassel,QB,QB,25,23.0,2016.0,0,1,5,46.0,18.0,102.0,1517.0,2574.0,17013.0,101.0,77.0,264.0,1010.0,5.0,1.0,-4.0,0.0,8.0,,,USC,,Pac 12,Power 5,12.0,25.235294117647058,0.5893550893550894,166.7941176470588,0.9901960784313726,0.7549019607843137,2.588235294117647,9.901960784313726,0.049019607843137254,0.00980392156862745,-0.0392156862745098,0.0,15.020266579825403,1.7126423634217414,11.0
2795,FitzRy00,2005,7.0,250,STL,Ryan Fitzpatrick,QB,QB,9,22.0,2016.0,0,0,8,61.0,2.0,122.0,2255.0,3771.0,25161.0,162.0,129.0,429.0,1981.0,13.0,2.0,-3.0,0.0,6.0,,,Harvard,,Not Power 5,Not Power 5,12.0,30.90983606557377,0.5979846194643331,206.2377049180328,1.3278688524590163,1.0573770491803278,3.5163934426229506,16.237704918032787,0.10655737704918032,0.01639344262295082,-0.02459016393442623,0.0,18.191526522512184,4.8839023061085225,11.0
2801,MannEl00,2004,1.0,1,SDG,Eli Manning,QB,QB,46,23.0,2016.0,0,4,12,104.0,,195.0,3941.0,6613.0,46895.0,311.0,209.0,279.0,519.0,5.0,,,,2.0,,,Mississippi,,SEC,Power 5,13.0,33.91282051282051,0.5959473763798578,240.48717948717947,1.594871794871795,1.0717948717948718,1.4307692307692308,2.6615384615384614,0.02564102564102564,0.0,0.0,0.0,18.74549940482422,5.437875188420557,12.0
2804,RivePh00,2004,1.0,4,NYG,Philip Rivers,QB,QB,48,22.0,2016.0,0,5,11,121.0,,174.0,3691.0,5708.0,44333.0,301.0,146.0,312.0,556.0,3.0,0.0,-9.0,0.0,10.0,,,North Carolina St.,,ACC,Power 5,13.0,32.804597701149426,0.6466362999299229,254.78735632183907,1.7298850574712643,0.8390804597701149,1.793103448275862,3.1954022988505746,0.017241379310344827,0.0,-0.05172413793103448,0.0,21.11593196481647,7.8083077484128065,12.0
2811,RoetBe00,2004,1.0,11,PIT,Ben Roethlisberger,QB,QB,57,22.0,2016.0,0,4,13,108.0,108.0,181.0,3718.0,5796.0,45740.0,295.0,154.0,401.0,1213.0,16.0,1.0,-11.0,0.0,8.0,,,Miami (OH),,Not Power 5,Not Power 5,13.0,32.02209944751381,0.6414768806073153,252.707182320442,1.6298342541436464,0.850828729281768,2.2154696132596685,6.701657458563536,0.08839779005524862,0.0055248618784530384,-0.06077348066298342,0.0,21.153442839222325,7.845818622818664,12.0
2822,LosmJ.00,2004,1.0,22,BUF,J.P. Losman,QB,QB,0,23.0,2011.0,0,0,2,19.0,19.0,45.0,564.0,952.0,6271.0,33.0,34.0,105.0,490.0,3.0,,,,2.0,,,Tulane,,Not Power 5,Not Power 5,8.0,21.155555555555555,0.592436974789916,139.35555555555555,0.7333333333333333,0.7555555555555555,2.3333333333333335,10.88888888888889,0.06666666666666667,0.0,0.0,0.0,13.03048085901027,-0.2771433573933919,7.0
2890,SchaMa00,2004,3.0,90,ATL,Matt Schaub,QB,QB,22,23.0,2016.0,0,2,7,69.0,2.0,143.0,2092.0,3271.0,24851.0,133.0,90.0,189.0,360.0,4.0,1.0,-6.0,0.0,3.0,,,Virginia,,ACC,Power 5,13.0,22.874125874125873,0.6395597676551513,173.78321678321677,0.9300699300699301,0.6293706293706294,1.3216783216783217,2.5174825174825175,0.027972027972027972,0.006993006993006993,-0.04195804195804196,0.0,14.847870403824242,1.5402461874205802,12.0
2906,McCoLu00,2004,4.0,106,CLE,Luke McCown,QB,QB,6,23.0,2015.0,0,0,0,8.0,2.0,62.0,216.0,356.0,2370.0,9.0,15.0,34.0,177.0,0.0,,,,1.0,,,Louisiana Tech,,Not Power 5,Not Power 5,12.0,5.741935483870968,0.6067415730337079,38.225806451612904,0.14516129032258066,0.24193548387096775,0.5483870967741935,2.8548387096774195,0.0,0.0,0.0,0.0,7.453706052917725,-5.853918163485937,11.0
2993,SorgJi00,2004,6.0,193,IND,Jim Sorgi,QB,QB,5,23.0,2009.0,0,0,0,5.0,5.0,16.0,99.0,156.0,929.0,6.0,1.0,31.0,0.0,0.0,,,,,,,Wisconsin,,Big 10,Power 5,6.0,9.75,0.6346153846153846,58.0625,0.375,0.0625,1.9375,0.0,0.0,0.0,0.0,0.0,9.860216346153846,-3.4474078702498154,5.0
3056,PalmCa00,2003,1.0,1,CIN,Carson Palmer,QB,QB,56,23.0,2016.0,0,3,10,100.0,62.0,169.0,3640.0,5812.0,42678.0,272.0,176.0,281.0,459.0,8.0,0.0,0.0,0.0,18.0,,,USC,,Pac 12,Power 5,14.0,34.3905325443787,0.6262904335856848,252.53254437869822,1.6094674556213018,1.0414201183431953,1.6627218934911243,2.7159763313609466,0.047337278106508875,0.0,0.0,0.0,19.66438362579768,6.356759409394018,13.0
3062,LeftBy00,2003,1.0,7,JAX,Byron Leftwich,QB,QB,33,23.0,2012.0,0,0,3,33.0,30.0,60.0,930.0,1605.0,10532.0,58.0,42.0,137.0,415.0,10.0,1.0,-7.0,0.0,5.0,,,,,Not Power 5,Not Power 5,10.0,26.75,0.5794392523364486,175.53333333333333,0.9666666666666667,0.7,2.283333333333333,6.916666666666667,0.16666666666666666,0.016666666666666666,-0.11666666666666667,0.0,15.562725856697819,2.255101640294157,9.0
3074,BollKy00,2003,1.0,19,BAL,Kyle Boller,QB,QB,19,22.0,2011.0,0,0,4,17.0,18.0,67.0,861.0,1519.0,8931.0,48.0,54.0,176.0,572.0,2.0,0.0,0.0,0.0,8.0,,,,,Not Power 5,Not Power 5,9.0,22.671641791044777,0.5668202764976958,133.29850746268656,0.7164179104477612,0.8059701492537313,2.626865671641791,8.537313432835822,0.029850746268656716,0.0,0.0,0.0,11.914098287365018,-1.3935259290386437,8.0
3077,GrosRe00,2003,1.0,22,CHI,Rex Grossman,QB,QB,16,23.0,2012.0,0,0,2,23.0,16.0,54.0,863.0,1562.0,10232.0,56.0,60.0,81.0,106.0,4.0,1.0,-4.0,0.0,3.0,,,,,Not Power 5,Not Power 5,10.0,28.925925925925927,0.5524967989756722,189.4814814814815,1.037037037037037,1.1111111111111112,1.5,1.962962962962963,0.07407407407407407,0.018518518518518517,-0.07407407407407407,0.0,13.784227249015979,0.4766030326123172,9.0
3152,SimmCh00,2003,3.0,97,TAM,Chris Simms,QB,QB,8,23.0,2009.0,0,0,1,8.0,8.0,23.0,297.0,511.0,3117.0,12.0,18.0,33.0,48.0,1.0,1.0,-3.0,0.0,2.0,,,,,Not Power 5,Not Power 5,7.0,22.217391304347824,0.5812133072407045,135.52173913043478,0.5217391304347826,0.782608695652174,1.434782608695652,2.0869565217391304,0.043478260869565216,0.043478260869565216,-0.13043478260869565,0.0,10.439306985450525,-2.868317230953137,6.0
3165,WallSe00,2003,4.0,110,SEA,Seneca Wallace,QB,QB,12,23.0,2013.0,0,0,1,14.0,11.0,64.0,468.0,788.0,4947.0,31.0,19.0,68.0,293.0,1.0,6.0,106.0,0.0,2.0,,,,,Not Power 5,Not Power 5,11.0,12.3125,0.5939086294416244,77.296875,0.484375,0.296875,1.0625,4.578125,0.015625,0.09375,1.65625,0.0,10.604320669416245,-2.703303546987417,10.0
3255,BollBr00,2003,6.0,200,NYJ,Brooks Bollinger,QB,QB,6,23.0,2008.0,0,0,1,6.0,5.0,21.0,211.0,360.0,2226.0,9.0,9.0,41.0,155.0,0.0,,,,2.0,,,,,Not Power 5,Not Power 5,6.0,17.142857142857142,0.5861111111111111,106.0,0.42857142857142855,0.42857142857142855,1.9523809523809523,7.380952380952381,0.0,0.0,0.0,0.0,10.534920634920635,-2.772703581483027,5.0
3296,DorsKe00,2003,7.0,241,SFO,Ken Dorsey,QB,QB,1,22.0,2008.0,0,0,0,1.0,0.0,17.0,214.0,408.0,2082.0,8.0,18.0,11.0,18.0,0.0,,,,1.0,,,,,Not Power 5,Not Power 5,6.0,24.0,0.5245098039215687,122.47058823529412,0.47058823529411764,1.0588235294117647,0.6470588235294118,1.0588235294117647,0.0,0.0,0.0,0.0,8.059803921568626,-5.247820294835035,5.0
3318,CarrDa00,2002,1.0,1,HOU,David Carr,QB,QB,45,23.0,2012.0,0,0,5,44.0,41.0,94.0,1353.0,2267.0,14452.0,65.0,71.0,305.0,1328.0,9.0,0.0,0.0,0.0,6.0,,,Fresno St.,,Not Power 5,Not Power 5,11.0,24.117021276595743,0.5968239964711072,153.74468085106383,0.6914893617021277,0.7553191489361702,3.24468085106383,14.127659574468085,0.09574468085106383,0.0,0.0,0.0,13.682069751945116,0.37444553554145443,10.0
3320,HarrJo00,2002,1.0,3,DET,Joey Harrington,QB,QB,27,23.0,2007.0,0,0,6,30.0,22.0,81.0,1424.0,2538.0,14693.0,79.0,85.0,142.0,402.0,0.0,3.0,8.0,0.0,4.0,,,Oregon,,Pac 12,Power 5,6.0,31.333333333333332,0.5610717100078803,181.39506172839506,0.9753086419753086,1.0493827160493827,1.7530864197530864,4.962962962962963,0.0,0.037037037037037035,0.09876543209876543,0.0,13.355470186498557,0.04784597009489566,5.0
3349,RamsPa00,2002,1.0,32,WAS,Patrick Ramsey,QB,QB,14,23.0,2008.0,0,0,1,14.0,13.0,37.0,511.0,913.0,5930.0,35.0,30.0,47.0,89.0,2.0,,,,1.0,,,Tulane,,Not Power 5,Not Power 5,7.0,24.675675675675677,0.5596933187294633,160.27027027027026,0.9459459459459459,0.8108108108108109,1.2702702702702702,2.4054054054054053,0.05405405405405406,0.0,0.0,0.0,13.411798052159495,0.10417383575583372,6.0
3398,McCoJo01,2002,3.0,81,ARI,Josh McCown,QB,QB,15,23.0,2016.0,0,0,4,31.0,13.0,81.0,1229.0,2078.0,13920.0,78.0,69.0,204.0,952.0,8.0,3.0,10.0,0.0,6.0,,,Sam Houston St.,,Not Power 5,Not Power 5,15.0,25.65432098765432,0.5914340712223292,171.85185185185185,0.9629629629629629,0.8518518518518519,2.5185185185185186,11.753086419753087,0.09876543209876543,0.037037037037037035,0.12345679012345678,0.0,15.213106144322055,1.9054819279183928,14.0
3425,GarrDa00,2002,4.0,108,JAX,David Garrard,QB,QB,18,24.0,2010.0,0,1,5,61.0,61.0,86.0,1406.0,2281.0,16003.0,89.0,54.0,380.0,1746.0,17.0,1.0,-6.0,0.0,7.0,,,East Carolina,,Not Power 5,Not Power 5,9.0,26.523255813953487,0.6163963174046471,186.08139534883722,1.0348837209302326,0.627906976744186,4.4186046511627906,20.302325581395348,0.19767441860465115,0.011627906976744186,-0.06976744186046512,0.0,18.350881778697637,5.0432575622939755,8.0
3503,OSulJ.00,2002,6.0,186,NOR,J.T. O'Sullivan,QB,QB,0,23.0,2009.0,0,0,1,6.0,,17.0,145.0,257.0,1866.0,9.0,13.0,39.0,145.0,0.0,,,,2.0,,,California-Davis,,Not Power 5,Not Power 5,8.0,15.117647058823529,0.5642023346303502,109.76470588235294,0.5294117647058824,0.7647058823529411,2.2941176470588234,8.529411764705882,0.0,0.0,0.0,0.0,10.121435111009385,-3.186189105394277,7.0
3579,VickMi00,2001,1.0,1,ATL,Michael Vick,QB,QB,53,21.0,2015.0,0,4,7,93.0,58.0,143.0,1807.0,3217.0,22464.0,133.0,88.0,873.0,6109.0,36.0,2.0,1.0,0.0,9.0,,,Virginia Tech,,ACC,Power 5,15.0,22.496503496503497,0.5617034504196456,157.0909090909091,0.9300699300699301,0.6153846153846154,6.104895104895105,42.72027972027972,0.2517482517482518,0.013986013986013986,0.006993006993006993,0.0,19.061789748951696,5.7541655325480345,14.0
3610,BreeDr00,2001,2.0,32,SDG,Drew Brees,QB,QB,49,22.0,2016.0,1,9,15,147.0,32.0,227.0,5663.0,8505.0,64180.0,454.0,213.0,399.0,722.0,15.0,7.0,73.0,1.0,13.0,,,Purdue,,Big 10,Power 5,16.0,37.46696035242291,0.665843621399177,282.73127753303964,2.0,0.9383259911894273,1.7577092511013215,3.1806167400881056,0.06607929515418502,0.030837004405286344,0.32158590308370044,0.004405286343612335,23.684867932053443,10.377243715649781,15.0
3631,CartQu00,2001,2.0,53,DAL,Quincy Carter,QB,QB,18,23.0,2004.0,0,0,2,17.0,16.0,38.0,542.0,960.0,6337.0,32.0,37.0,152.0,518.0,3.0,,,,1.0,,,Georgia,,SEC,Power 5,4.0,25.263157894736842,0.5645833333333333,166.76315789473685,0.8421052631578947,0.9736842105263158,4.0,13.631578947368421,0.07894736842105263,0.0,0.0,0.0,13.783333333333333,0.47570911692967144,3.0
3637,TuiaMa00,2001,2.0,59,OAK,Marques Tuiasosopo,QB,QB,1,22.0,2008.0,0,0,0,1.0,1.0,13.0,49.0,90.0,554.0,2.0,7.0,17.0,79.0,0.0,,,,1.0,,,Washington,,Pac 12,Power 5,8.0,6.923076923076923,0.5444444444444444,42.61538461538461,0.15384615384615385,0.5384615384615384,1.3076923076923077,6.076923076923077,0.0,0.0,0.0,0.0,6.425213675213675,-6.882410541189987,7.0
3684,WeinCh00,2001,4.0,106,CAR,Chris Weinke,QB,QB,7,29.0,2007.0,0,0,1,9.0,9.0,29.0,386.0,709.0,3904.0,15.0,26.0,54.0,148.0,6.0,,,,1.0,,,Florida St.,,ACC,Power 5,7.0,24.448275862068964,0.5444287729196051,134.6206896551724,0.5172413793103449,0.896551724137931,1.8620689655172413,5.103448275862069,0.20689655172413793,0.0,0.0,0.0,10.975322211954673,-2.332302004448989,6.0
3687,RoseSa00,2001,4.0,109,WAS,Sage Rosenfels,QB,QB,3,23.0,2010.0,0,0,0,13.0,,44.0,351.0,562.0,4156.0,30.0,29.0,48.0,95.0,1.0,,,,1.0,,,Iowa St.,,Big 12,Power 5,10.0,12.772727272727273,0.6245551601423488,94.45454545454545,0.6818181818181818,0.6590909090909091,1.0909090909090908,2.159090909090909,0.022727272727272728,0.0,0.0,0.0,11.072824328696216,-2.234799887707446,9.0
3727,McMaMi00,2001,5.0,149,DET,Mike McMahon,QB,QB,6,22.0,2005.0,0,0,0,6.0,5.0,29.0,229.0,515.0,2867.0,15.0,21.0,82.0,409.0,7.0,1.0,7.0,0.0,3.0,,,Rutgers,,Big 10,Power 5,5.0,17.75862068965517,0.4446601941747573,98.86206896551724,0.5172413793103449,0.7241379310344828,2.8275862068965516,14.10344827586207,0.2413793103448276,0.034482758620689655,0.2413793103448276,0.0,10.731946769333781,-2.5756774470698804,4.0
3733,FeelA.00,2001,5.0,155,PHI,A.J. Feeley,QB,QB,0,24.0,2011.0,0,0,1,7.0,6.0,28.0,425.0,762.0,4618.0,28.0,31.0,37.0,49.0,1.0,,,,2.0,,,Oregon,,Pac 12,Power 5,11.0,27.214285714285715,0.5577427821522309,164.92857142857142,1.0,1.1071428571428572,1.3214285714285714,1.75,0.03571428571428571,0.0,0.0,0.0,12.76849925009374,-0.539124966309922,10.0
3842,PennCh01,2000,1.0,18,NYJ,Chad Pennington,QB,QB,29,24.0,2010.0,0,0,6,55.0,41.0,89.0,1632.0,2471.0,17823.0,102.0,64.0,180.0,465.0,7.0,0.0,7.0,0.0,3.0,,,Marshall,College Stats,Not Power 5,Not Power 5,11.0,27.764044943820224,0.660461351679482,200.25842696629215,1.146067415730337,0.7191011235955056,2.0224719101123596,5.224719101123595,0.07865168539325842,0.0,0.07865168539325842,0.0,17.332422505558867,4.024798289155205,10.0
3899,RedmCh00,2000,3.0,75,BAL,Chris Redman,QB,QB,3,23.0,2011.0,0,0,0,9.0,3.0,31.0,286.0,500.0,3179.0,21.0,14.0,33.0,25.0,0.0,,,,1.0,,,Louisville,College Stats,ACC,Power 5,12.0,16.129032258064516,0.572,102.54838709677419,0.6774193548387096,0.45161290322580644,1.064516129032258,0.8064516129032258,0.0,0.0,0.0,0.0,11.074032258064515,-2.2335919583391473,11.0
3992,BulgMa00,2000,6.0,168,NOR,Marc Bulger,QB,QB,53,23.0,2009.0,0,2,7,57.0,,96.0,1969.0,3171.0,22814.0,122.0,93.0,118.0,300.0,8.0,4.0,21.0,0.0,5.0,,,West Virginia,College Stats,Big 12,Power 5,10.0,33.03125,0.6209397666351308,237.64583333333334,1.2708333333333333,0.96875,1.2291666666666667,3.125,0.08333333333333333,0.041666666666666664,0.21875,0.0,17.703668499684643,4.396044283280981,9.0
4023,BradTo00,2000,6.0,199,NWE,Tom Brady,QB,QB,51,23.0,2016.0,2,11,14,160.0,160.0,231.0,5098.0,7998.0,59943.0,444.0,151.0,523.0,939.0,17.0,2.0,59.0,0.0,9.0,,,Michigan,College Stats,Big 10,Power 5,17.0,34.62337662337662,0.6374093523380845,259.4935064935065,1.922077922077922,0.6536796536796536,2.264069264069264,4.064935064935065,0.0735930735930736,0.008658008658008658,0.2554112554112554,0.0,23.306452830740152,9.99882861433649,16.0
4036,RattTi00,2000,7.0,212,SFO,Tim Rattay,QB,QB,9,23.0,2007.0,0,0,1,12.0,10.0,40.0,432.0,714.0,4853.0,31.0,23.0,45.0,77.0,0.0,,,,1.0,,,Louisiana Tech,College Stats,Not Power 5,Not Power 5,8.0,17.85,0.6050420168067226,121.325,0.775,0.575,1.125,1.925,0.0,0.0,0.0,0.0,12.201045168067228,-1.1065790483364335,7.0
4079,CoucTi00,1999,1.0,1,CLE,Tim Couch,QB,QB,32,22.0,2003.0,0,0,4,30.0,30.0,62.0,1025.0,1714.0,11131.0,64.0,67.0,124.0,556.0,2.0,2.0,-13.0,0.0,1.0,,,Kentucky,,SEC,Power 5,5.0,27.64516129032258,0.5980163360560093,179.53225806451613,1.032258064516129,1.0806451612903225,2.0,8.96774193548387,0.03225806451612903,0.03225806451612903,-0.20967741935483872,0.0,14.489437554108479,1.181813337704817,4.0
4080,McNaDo00,1999,1.0,2,PHI,Donovan McNabb,QB,QB,57,22.0,2011.0,0,6,11,107.0,101.0,167.0,3170.0,5374.0,37276.0,234.0,117.0,616.0,3459.0,29.0,5.0,-7.0,0.0,13.0,,,Syracuse,,ACC,Power 5,13.0,32.17964071856287,0.5898771864532937,223.20958083832335,1.401197604790419,0.7005988023952096,3.688622754491018,20.7125748502994,0.17365269461077845,0.029940119760479042,-0.041916167664670656,0.0,20.89338264297605,7.585758426572388,12.0
4081,SmitAk00,1999,1.0,3,CIN,Akili Smith,QB,QB,1,24.0,2002.0,0,0,1,1.0,1.0,22.0,215.0,461.0,2212.0,5.0,13.0,70.0,371.0,1.0,1.0,6.0,0.0,,,,Oregon,,Pac 12,Power 5,4.0,20.954545454545453,0.46637744034707157,100.54545454545455,0.22727272727272727,0.5909090909090909,3.1818181818181817,16.863636363636363,0.045454545454545456,0.045454545454545456,0.2727272727272727,0.0,8.754683494379808,-4.552940722023854,3.0
4089,CulpDa00,1999,1.0,11,MIN,Daunte Culpepper,QB,QB,64,22.0,2009.0,0,3,5,86.0,81.0,105.0,2016.0,3199.0,24153.0,149.0,106.0,514.0,2652.0,34.0,1.0,0.0,0.0,10.0,,,Central Florida,,Not Power 5,Not Power 5,11.0,30.466666666666665,0.6301969365426696,230.02857142857144,1.4190476190476191,1.0095238095238095,4.895238095238096,25.257142857142856,0.3238095238095238,0.009523809523809525,0.0,0.0,22.0069693654267,8.699345149023037,10.0
4090,McNoCa00,1999,1.0,12,CHI,Cade McNown,QB,QB,7,22.0,2000.0,0,0,0,7.0,7.0,25.0,281.0,515.0,3111.0,16.0,19.0,82.0,486.0,3.0,,,,,,,UCLA,,Pac 12,Power 5,2.0,20.6,0.545631067961165,124.44,0.64,0.76,3.28,19.44,0.12,0.0,0.0,0.0,12.791310679611652,-0.5163135367920102,1.0
4128,KingSh00,1999,2.0,50,TAM,Shaun King,QB,QB,17,22.0,2004.0,0,0,0,18.0,17.0,34.0,415.0,738.0,4566.0,27.0,24.0,113.0,454.0,5.0,,,,,,,Tulane,,Not Power 5,Not Power 5,6.0,21.705882352941178,0.5623306233062331,134.2941176470588,0.7941176470588235,0.7058823529411765,3.323529411764706,13.352941176470589,0.14705882352941177,0.0,0.0,0.0,13.845365056591746,0.5377408401880839,5.0
4209,BrooAa00,1999,4.0,131,GNB,Aaron Brooks,QB,QB,64,23.0,2006.0,0,0,6,65.0,,93.0,1673.0,2963.0,20261.0,123.0,92.0,362.0,1534.0,13.0,1.0,1.0,0.0,11.0,,,Virginia,,ACC,Power 5,8.0,31.86021505376344,0.5646304421194736,217.86021505376345,1.3225806451612903,0.989247311827957,3.89247311827957,16.49462365591398,0.13978494623655913,0.010752688172043012,0.010752688172043012,0.0,18.549799044850648,5.242174828446986,7.0
4332,MannPe00,1998,1.0,1,IND,Peyton Manning,QB,QB,76,22.0,2015.0,7,14,17,177.0,145.0,266.0,6125.0,9380.0,71940.0,539.0,251.0,431.0,667.0,18.0,1.0,-2.0,0.0,9.0,,,Tennessee,,SEC,Power 5,18.0,35.26315789473684,0.6529850746268657,270.45112781954884,2.026315789473684,0.943609022556391,1.6203007518796992,2.507518796992481,0.06766917293233082,0.0037593984962406013,-0.007518796992481203,0.0,23.274211648524293,9.966587432120631,17.0
4333,LeafRy00,1998,1.0,2,SDG,Ryan Leaf,QB,QB,1,22.0,2001.0,0,0,0,1.0,0.0,25.0,317.0,655.0,3666.0,14.0,36.0,59.0,127.0,0.0,,,,,,,Washington St.,,Pac 12,Power 5,4.0,26.2,0.48396946564885496,146.64,0.56,1.44,2.36,5.08,0.0,0.0,0.0,0.0,8.053694656488549,-5.253929559915113,3.0
4391,BatcCh00,1998,2.0,60,DET,Charlie Batch,QB,QB,30,23.0,2012.0,0,0,4,33.0,28.0,81.0,908.0,1604.0,11085.0,61.0,52.0,172.0,637.0,6.0,,,,,,,East. Michigan,,Not Power 5,Not Power 5,15.0,19.80246913580247,0.5660847880299252,136.85185185185185,0.7530864197530864,0.6419753086419753,2.123456790123457,7.864197530864198,0.07407407407407407,0.0,0.0,0.0,12.905600966719007,-0.40202324968465497,14.0
4417,QuinJo00,1998,3.0,86,JAX,Jonathan Quinn,QB,QB,3,23.0,2004.0,0,0,0,4.0,3.0,17.0,117.0,223.0,1161.0,4.0,7.0,25.0,151.0,1.0,,,,,,,Middle Tenn. St.,,Not Power 5,Not Power 5,7.0,13.117647058823529,0.5246636771300448,68.29411764705883,0.23529411764705882,0.4117647058823529,1.4705882352941178,8.882352941176471,0.058823529411764705,0.0,0.0,0.0,8.371636771300448,-4.935987445103214,6.0
4422,GrieBr00,1998,3.0,91,DEN,Brian Griese,QB,QB,42,23.0,2008.0,0,1,4,52.0,39.0,93.0,1752.0,2796.0,19440.0,119.0,99.0,238.0,582.0,5.0,2.0,-10.0,0.0,7.0,,,Michigan,,Big 10,Power 5,11.0,30.06451612903226,0.6266094420600858,209.03225806451613,1.2795698924731183,1.064516129032258,2.5591397849462365,6.258064516129032,0.053763440860215055,0.021505376344086023,-0.10752688172043011,0.0,16.913406248557852,3.60578203215419,10.0
4518,HassMa00,1998,6.0,187,GNB,Matt Hasselbeck,QB,QB,33,23.0,2015.0,0,3,11,88.0,0.0,209.0,3222.0,5330.0,36638.0,212.0,153.0,365.0,1231.0,8.0,,,,16.0,,,Boston Col.,,Not Power 5,Not Power 5,18.0,25.502392344497608,0.6045028142589118,175.30143540669857,1.014354066985646,0.7320574162679426,1.7464114832535884,5.889952153110048,0.03827751196172249,0.0,0.0,0.0,15.136176467947971,1.8285522515443091,17.0
4614,PlumJa00,1997,2.0,42,ARI,Jake Plummer,QB,QB,40,22.0,2006.0,0,1,10,77.0,37.0,143.0,2484.0,4350.0,29253.0,161.0,161.0,428.0,1853.0,17.0,2.0,4.0,0.0,10.0,,,Arizona St.,,Pac 12,Power 5,10.0,30.41958041958042,0.5710344827586207,204.56643356643357,1.1258741258741258,1.1258741258741258,2.993006993006993,12.958041958041958,0.11888111888111888,0.013986013986013986,0.027972027972027972,0.0,16.214016156257543,2.906391939853881,9.0
4671,WuerDa00,1997,4.0,99,NOR,Danny Wuerffel,QB,QB,4,23.0,2002.0,0,0,0,6.0,4.0,25.0,184.0,350.0,2123.0,12.0,22.0,31.0,189.0,1.0,,,,1.0,,,Florida,,SEC,Power 5,6.0,14.0,0.5257142857142857,84.92,0.48,0.88,1.24,7.56,0.04,0.0,0.0,0.0,8.616142857142856,-4.691481359260806,5.0
4776,GrazTo00,1997,7.0,204,ATL,Tony Graziani,QB,QB,3,23.0,1999.0,0,0,0,3.0,3.0,18.0,85.0,174.0,999.0,2.0,8.0,16.0,51.0,0.0,0.0,0.0,0.0,,,,Oregon,,Pac 12,Power 5,3.0,9.666666666666666,0.4885057471264368,55.5,0.1111111111111111,0.4444444444444444,0.8888888888888888,2.8333333333333335,0.0,0.0,0.0,0.0,5.889224137931035,-7.418400078472627,2.0
4779,DetmKo00,1997,7.0,207,PHI,Koy Detmer,QB,QB,2,24.0,2006.0,0,0,0,4.0,4.0,104.0,184.0,354.0,1944.0,10.0,14.0,31.0,30.0,1.0,,,,1.0,,,Colorado,,Pac 12,Power 5,10.0,3.4038461538461537,0.519774011299435,18.692307692307693,0.09615384615384616,0.1346153846153846,0.2980769230769231,0.28846153846153844,0.009615384615384616,0.0,0.0,0.0,5.9246631899174265,-7.382961026486235,9.0
4854,BankTo00,1996,2.0,42,STL,Tony Banks,QB,QB,37,23.0,2005.0,0,0,5,42.0,24.0,96.0,1278.0,2356.0,15315.0,77.0,73.0,246.0,881.0,6.0,,,,2.0,,,Michigan St.,,Big 10,Power 5,10.0,24.541666666666668,0.5424448217317487,159.53125,0.8020833333333334,0.7604166666666666,2.5625,9.177083333333334,0.0625,0.0,0.0,0.0,13.23668780065082,-0.0709364157528416,9.0
4897,HoyiBo00,1996,3.0,85,PHI,Bobby Hoying,QB,QB,2,24.0,2000.0,0,0,1,3.0,3.0,22.0,244.0,456.0,2544.0,11.0,15.0,42.0,156.0,0.0,,,,,,,Ohio St.,,Big 10,Power 5,5.0,20.727272727272727,0.5350877192982456,115.63636363636364,0.5,0.6818181818181818,1.9090909090909092,7.090909090909091,0.0,0.0,0.0,0.0,9.905422647527912,-3.40220156887575,4.0
4912,LewiJe01,1996,4.0,100,DEN,Jeff Lewis,QB,QB,2,23.0,2000.0,0,0,0,2.0,1.0,12.0,28.0,54.0,210.0,0.0,2.0,21.0,78.0,0.0,,,,,,,Northern Arizona,,Not Power 5,Not Power 5,5.0,4.5,0.5185185185185185,17.5,0.0,0.16666666666666666,1.75,6.5,0.0,0.0,0.0,0.0,5.7726851851851855,-7.534939031218476,4.0
4942,KaneDa00,1996,4.0,130,NYG,Danny Kanell,QB,QB,12,22.0,2003.0,0,0,2,13.0,9.0,43.0,491.0,956.0,5129.0,31.0,34.0,44.0,49.0,0.0,,,,,,,Florida St.,,ACC,Power 5,8.0,22.232558139534884,0.5135983263598326,119.27906976744185,0.7209302325581395,0.7906976744186046,1.0232558139534884,1.1395348837209303,0.0,0.0,0.0,0.0,10.185401868249489,-3.122222348154173,7.0
5069,McNaSt00,1995,1.0,3,HOU,Steve McNair,QB,QB,47,22.0,2007.0,0,3,10,100.0,93.0,161.0,2733.0,4544.0,31304.0,174.0,119.0,669.0,3590.0,37.0,1.0,4.0,0.0,6.0,,,Alcorn St.,,Not Power 5,Not Power 5,13.0,28.22360248447205,0.6014524647887324,194.43478260869566,1.0807453416149069,0.7391304347826086,4.15527950310559,22.29813664596273,0.22981366459627328,0.006211180124223602,0.024844720496894408,0.0,18.753655082669933,5.4460308662662715,12.0
5071,CollKe00,1995,1.0,5,CAR,Kerry Collins,QB,QB,27,22.0,2011.0,0,2,11,81.0,12.0,198.0,3487.0,6261.0,40922.0,208.0,196.0,374.0,686.0,10.0,2.0,-13.0,0.0,6.0,,,Penn St.,,Big 10,Power 5,17.0,31.62121212121212,0.556939785976681,206.67676767676767,1.0505050505050506,0.98989898989899,1.8888888888888888,3.4646464646464645,0.050505050505050504,0.010101010101010102,-0.06565656565656566,0.0,14.712579677948629,1.4049554615449669,16.0
5111,CollTo00,1995,2.0,45,BUF,Todd Collins,QB,QB,8,23.0,2010.0,0,0,1,11.0,8.0,50.0,391.0,701.0,4547.0,22.0,24.0,83.0,152.0,0.0,,,,,,,Michigan,,Big 10,Power 5,16.0,14.02,0.557774607703281,90.94,0.44,0.48,1.66,3.04,0.0,0.0,0.0,0.0,9.355246077032811,-3.9523781393708504,15.0
5126,StewKo00,1995,2.0,60,PIT,Kordell Stewart,QB,QB,35,22.0,2005.0,0,1,4,59.0,58.0,125.0,1316.0,2358.0,14746.0,77.0,84.0,560.0,2874.0,38.0,41.0,658.0,5.0,4.0,,,Colorado,,Pac 12,Power 5,11.0,18.864,0.5581000848176421,117.968,0.616,0.672,4.48,22.992,0.304,0.328,5.264,0.04,15.099800848176422,1.7921766317727599,10.0
5146,CaseSt00,1995,3.0,80,ARI,Stoney Case,QB,QB,2,23.0,2000.0,0,0,0,4.0,1.0,20.0,163.0,318.0,1826.0,4.0,15.0,60.0,270.0,5.0,,,,,,,New Mexico,,Not Power 5,Not Power 5,6.0,15.9,0.5125786163522013,91.3,0.2,0.75,3.0,13.5,0.25,0.0,0.0,0.0,9.208286163522013,-4.099338052881649,5.0
5150,ZeieEr00,1995,3.0,84,CLE,Eric Zeier,QB,QB,6,23.0,2000.0,0,0,0,6.0,-2.0,28.0,301.0,537.0,3520.0,16.0,15.0,43.0,127.0,0.0,,,,,,,Georgia,,SEC,Power 5,6.0,19.178571428571427,0.5605214152700186,125.71428571428571,0.5714285714285714,0.5357142857142857,1.5357142857142858,4.535714285714286,0.0,0.0,0.0,0.0,11.02307129555733,-2.284552920846332,5.0
5165,JohnRo00,1995,4.0,99,JAX,Rob Johnson,QB,QB,7,22.0,2003.0,0,0,1,19.0,2.0,48.0,494.0,806.0,5795.0,30.0,23.0,140.0,877.0,4.0,1.0,-6.0,0.0,2.0,,,USC,,Pac 12,Power 5,9.0,16.791666666666668,0.6129032258064516,120.72916666666667,0.625,0.4791666666666667,2.9166666666666665,18.270833333333332,0.08333333333333333,0.020833333333333332,-0.125,0.0,13.774344758064519,0.4667205416608571,8.0
5200,StenSt00,1995,4.0,134,KAN,Steve Stenstrom,QB,QB,6,23.0,1999.0,0,0,0,6.0,,17.0,177.0,314.0,1895.0,4.0,12.0,22.0,100.0,2.0,1.0,9.0,0.0,,,,Stanford,,Pac 12,Power 5,5.0,18.470588235294116,0.5636942675159236,111.47058823529412,0.23529411764705882,0.7058823529411765,1.2941176470588236,5.882352941176471,0.11764705882352941,0.058823529411764705,0.5294117647058824,0.0,9.064883851629823,-4.242740364773839,4.0
5263,WhelCr00,1995,6.0,197,SDG,Craig Whelihan,QB,QB,1,24.0,1998.0,0,0,1,1.0,1.0,19.0,267.0,557.0,3160.0,14.0,29.0,31.0,67.0,0.0,,,,,,,Pacific,,Not Power 5,Not Power 5,4.0,29.31578947368421,0.4793536804308797,166.31578947368422,0.7368421052631579,1.5263157894736843,1.631578947368421,3.526315789473684,0.0,0.0,0.0,0.0,9.146168383256166,-4.161455833147496,3.0
5318,ShulHe00,1994,1.0,3,WAS,Heath Shuler,QB,QB,6,22.0,1997.0,0,0,2,6.0,6.0,29.0,292.0,593.0,3691.0,15.0,33.0,67.0,198.0,1.0,,,,,,,Tennessee,,SEC,Power 5,4.0,20.448275862068964,0.4924114671163575,127.27586206896552,0.5172413793103449,1.1379310344827587,2.310344827586207,6.827586206896552,0.034482758620689655,0.0,0.0,0.0,8.685321567715302,-4.622302648688359,3.0
5321,DilfTr00,1994,1.0,6,TAM,Trent Dilfer,QB,QB,37,22.0,2007.0,0,1,6,51.0,39.0,130.0,1759.0,3172.0,20518.0,113.0,129.0,248.0,853.0,5.0,2.0,-6.0,0.0,7.0,,,Fresno St.,,Not Power 5,Not Power 5,14.0,24.4,0.5545397225725095,157.83076923076922,0.8692307692307693,0.9923076923076923,1.9076923076923078,6.561538461538461,0.038461538461538464,0.015384615384615385,-0.046153846153846156,0.0,12.611935687263555,-0.6956885291401065,13.0
5493,MillJi00,1994,6.0,178,PIT,Jim Miller,QB,QB,4,23.0,2002.0,0,0,2,16.0,1.0,37.0,610.0,1046.0,6387.0,36.0,31.0,55.0,4.0,0.0,,,,1.0,,,Michigan St.,,Big 10,Power 5,9.0,28.27027027027027,0.5831739961759083,172.6216216216216,0.972972972972973,0.8378378378378378,1.4864864864864864,0.10810810810810811,0.0,0.0,0.0,0.0,13.482415637434759,0.17479142103109702,8.0
5512,FrerGu00,1994,7.0,197,WAS,Gus Frerotte,QB,QB,34,23.0,2008.0,0,1,5,56.0,31.0,147.0,1699.0,3106.0,21291.0,114.0,106.0,196.0,315.0,6.0,,,,3.0,,,Tulsa,,Not Power 5,Not Power 5,15.0,21.12925170068027,0.547005795235029,144.83673469387756,0.7755102040816326,0.7210884353741497,1.3333333333333333,2.142857142857143,0.04081632653061224,0.0,0.0,0.0,12.039955911533964,-1.267668304869698,14.0
5523,FoleGl00,1994,7.0,208,NYJ,Glenn Foley,QB,QB,7,23.0,1999.0,0,0,0,8.0,7.0,21.0,207.0,382.0,2469.0,12.0,16.0,19.0,32.0,0.0,1.0,-9.0,0.0,,,,Boston Col.,,Not Power 5,Not Power 5,6.0,18.19047619047619,0.5418848167539267,117.57142857142857,0.5714285714285714,0.7619047619047619,0.9047619047619048,1.5238095238095237,0.0,0.047619047619047616,-0.42857142857142855,0.0,9.610514834205935,-3.697109382197727,5.0
5767,KlinDa00,1992,1.0,6,CIN,David Klingler,QB,QB,11,23.0,1997.0,0,0,1,10.0,10.0,33.0,389.0,718.0,3994.0,16.0,22.0,74.0,456.0,0.0,1.0,-6.0,0.0,,,Houston,,,Not Power 5,Not Power 5,6.0,21.757575757575758,0.541782729805014,121.03030303030303,0.48484848484848486,0.6666666666666666,2.242424242424242,13.818181818181818,0.0,0.030303030303030304,-0.18181818181818182,0.0,10.71631214653499,-2.591312069868671,5.0
5786,MaddTo00,1992,1.0,25,DEN,Tommy Maddox,QB,QB,2,21.0,2005.0,0,0,2,24.0,2.0,92.0,686.0,1200.0,8087.0,48.0,54.0,68.0,128.0,1.0,0.0,0.0,0.0,,,UCLA,,,Not Power 5,Not Power 5,14.0,13.043478260869565,0.5716666666666667,87.90217391304348,0.5217391304347826,0.5869565217391305,0.7391304347826086,1.391304347826087,0.010869565217391304,0.0,0.0,0.0,9.488134057971013,-3.8194901584326484,13.0
5847,EricCr00,1992,4.0,86,TAM,Craig Erickson,QB,QB,21,23.0,1997.0,0,0,2,21.0,17.0,52.0,591.0,1092.0,7625.0,41.0,38.0,77.0,201.0,1.0,,,,,,Miami (FL),,,Not Power 5,Not Power 5,6.0,21.0,0.5412087912087912,146.6346153846154,0.7884615384615384,0.7307692307692307,1.4807692307692308,3.8653846153846154,0.019230769230769232,0.0,0.0,0.0,12.118337912087911,-1.1892863043157504,5.0
5863,WeldCa00,1992,4.0,102,PHI,Casey Weldon,QB,QB,1,23.0,1999.0,0,0,0,1.0,,26.0,60.0,120.0,713.0,1.0,4.0,12.0,0.0,1.0,,,,,,Florida St.,,,Not Power 5,Not Power 5,8.0,4.615384615384615,0.5,27.423076923076923,0.038461538461538464,0.15384615384615385,0.46153846153846156,0.0,0.038461538461538464,0.0,0.0,0.0,5.685576923076923,-7.622047293326739,7.0
5927,BlakJe00,1992,6.0,166,NYJ,Jeff Blake,QB,QB,37,21.0,2005.0,0,1,8,68.0,0.0,119.0,1827.0,3241.0,21711.0,134.0,99.0,418.0,2027.0,14.0,,,,,,East Carolina,,,Not Power 5,Not Power 5,14.0,27.235294117647058,0.5637149028077754,182.4453781512605,1.1260504201680672,0.8319327731092437,3.5126050420168067,17.03361344537815,0.11764705882352941,0.0,0.0,0.0,16.868031381018934,3.560407164615272,13.0
6113,McGwDa00,1991,1.0,16,SEA,Dan McGwire,QB,QB,2,23.0,1995.0,0,0,0,2.0,2.0,13.0,74.0,148.0,745.0,2.0,6.0,14.0,6.0,0.0,,,,,,San Diego St.,,,Not Power 5,Not Power 5,5.0,11.384615384615385,0.5,57.30769230769231,0.15384615384615385,0.46153846153846156,1.0769230769230769,0.46153846153846156,0.0,0.0,0.0,0.0,6.017307692307693,-7.290316524095969,4.0
6130,FavrBr00,1991,2.0,33,ATL,Brett Favre HOF,QB,QB,59,21.0,2010.0,3,11,19,156.0,0.0,302.0,6300.0,10169.0,71838.0,508.0,336.0,602.0,1844.0,14.0,2.0,-7.0,0.0,,,Southern Miss,,,Not Power 5,Not Power 5,20.0,33.67218543046358,0.6195299439472908,237.87417218543047,1.6821192052980132,1.1125827814569536,1.9933774834437086,6.105960264900662,0.046357615894039736,0.006622516556291391,-0.023178807947019868,0.0,19.783544472585486,6.4759202561818245,19.0
6131,NaglBr00,1991,2.0,34,NYJ,Browning Nagle,QB,QB,5,23.0,1996.0,0,0,1,5.0,5.0,24.0,213.0,437.0,2489.0,8.0,20.0,26.0,68.0,0.0,,,,,,Louisville,,,Not Power 5,Not Power 5,6.0,18.208333333333332,0.4874141876430206,103.70833333333333,0.3333333333333333,0.8333333333333334,1.0833333333333333,2.8333333333333335,0.0,0.0,0.0,0.0,7.250183543096872,-6.05744067330679,5.0
6181,ZolaSc00,1991,4.0,84,NWE,Scott Zolak,QB,QB,3,23.0,1999.0,0,0,0,4.0,4.0,55.0,124.0,248.0,1314.0,8.0,7.0,38.0,81.0,0.0,,,,,,Maryland,,,Not Power 5,Not Power 5,9.0,4.509090909090909,0.5,23.89090909090909,0.14545454545454545,0.12727272727272726,0.6909090909090909,1.4727272727272727,0.0,0.0,0.0,0.0,6.235454545454546,-7.0721696709491155,8.0
6196,HollDo00,1991,4.0,99,CIN,Donald Hollas,QB,QB,3,23.0,1998.0,0,0,0,5.0,3.0,32.0,202.0,375.0,2399.0,13.0,21.0,61.0,295.0,1.0,,,,,,Rice,,,Not Power 5,Not Power 5,8.0,11.71875,0.5386666666666666,74.96875,0.40625,0.65625,1.90625,9.21875,0.03125,0.0,0.0,0.0,8.839010416666667,-4.468613799736994,7.0
6203,MusgBi00,1991,4.0,106,DAL,Bill Musgrave,QB,QB,0,23.0,1996.0,0,0,0,1.0,,12.0,43.0,69.0,402.0,1.0,2.0,19.0,-11.0,0.0,,,,,,Oregon,,,Not Power 5,Not Power 5,6.0,5.75,0.6231884057971014,33.5,0.08333333333333333,0.16666666666666666,1.5833333333333333,-0.9166666666666666,0.0,0.0,0.0,0.0,6.977717391304348,-6.329906825099314,5.0
6228,EricCr00,1991,5.0,131,PHI,Craig Erickson,QB,QB,21,22.0,1997.0,0,0,2,21.0,,52.0,591.0,1092.0,7625.0,41.0,38.0,77.0,201.0,1.0,,,,,,Miami (FL),,,Not Power 5,Not Power 5,7.0,21.0,0.5412087912087912,146.6346153846154,0.7884615384615384,0.7307692307692307,1.4807692307692308,3.8653846153846154,0.019230769230769232,0.0,0.0,0.0,12.118337912087911,-1.1892863043157504,6.0
6287,JustPa00,1991,7.0,190,CHI,Paul Justin,QB,QB,8,23.0,1999.0,0,0,0,8.0,,34.0,220.0,380.0,2614.0,8.0,10.0,17.0,11.0,0.0,,,,,,Arizona St.,,,Not Power 5,Not Power 5,9.0,11.176470588235293,0.5789473684210527,76.88235294117646,0.23529411764705882,0.29411764705882354,0.5,0.3235294117647059,0.0,0.0,0.0,0.0,8.27329721362229,-5.034327002781371,8.0
6432,GeorJe00,1990,1.0,1,IND,Jeff George,QB,QB,33,22.0,2001.0,0,0,9,65.0,16.0,131.0,2298.0,3967.0,27602.0,154.0,113.0,168.0,307.0,2.0,,,,,,Illinois,,,Not Power 5,Not Power 5,12.0,30.282442748091604,0.579279052180489,210.70229007633588,1.1755725190839694,0.8625954198473282,1.282442748091603,2.3435114503816794,0.015267175572519083,0.0,0.0,0.0,15.8519508271484,2.544326610744738,11.0
6438,WareAn00,1990,1.0,7,DET,Andre Ware,QB,QB,5,22.0,1993.0,0,0,0,5.0,5.0,14.0,83.0,161.0,1112.0,5.0,8.0,38.0,217.0,0.0,,,,,,Houston,,,Not Power 5,Not Power 5,4.0,11.5,0.515527950310559,79.42857142857143,0.35714285714285715,0.5714285714285714,2.7142857142857144,15.5,0.0,0.0,0.0,0.0,9.119565217391303,-4.188058999012359,3.0
6490,HodsTo00,1990,3.0,59,NWE,Tom Hodson,QB,QB,4,23.0,1995.0,0,0,0,4.0,4.0,36.0,174.0,320.0,1823.0,7.0,11.0,21.0,90.0,0.0,1.0,-6.0,0.0,,,LSU,,,Not Power 5,Not Power 5,6.0,8.88888888888889,0.54375,50.638888888888886,0.19444444444444445,0.3055555555555556,0.5833333333333334,2.5,0.0,0.027777777777777776,-0.16666666666666666,0.0,7.186805555555556,-6.120818660848106,5.0
6494,WillPe00,1990,3.0,63,CHI,Peter Tom Willis,QB,QB,4,23.0,1993.0,0,0,0,4.0,4.0,21.0,104.0,183.0,1261.0,6.0,15.0,5.0,14.0,0.0,,,,,,Florida St.,,,Not Power 5,Not Power 5,4.0,8.714285714285714,0.5683060109289617,60.04761904761905,0.2857142857142857,0.7142857142857143,0.23809523809523808,0.6666666666666666,0.0,0.0,0.0,0.0,6.822345823575331,-6.485278392828331,3.0
6501,ODonNe00,1990,3.0,70,PIT,Neil O'Donnell,QB,QB,44,24.0,2003.0,0,1,7,59.0,39.0,125.0,1865.0,3229.0,21690.0,120.0,68.0,215.0,446.0,4.0,,,,,,Maryland,,,Not Power 5,Not Power 5,14.0,25.832,0.5775781975843914,173.52,0.96,0.544,1.72,3.568,0.032,0.0,0.0,0.0,14.790581975843914,1.4829577594402519,13.0
6524,MitcSc00,1990,4.0,93,MIA,Scott Mitchell,QB,QB,28,22.0,2001.0,0,0,5,49.0,6.0,99.0,1301.0,2346.0,15692.0,95.0,81.0,172.0,485.0,11.0,,,,,,Utah,,,Not Power 5,Not Power 5,12.0,23.696969696969695,0.5545609548167093,158.5050505050505,0.9595959595959596,0.8181818181818182,1.7373737373737375,4.898989898989899,0.1111111111111111,0.0,0.0,0.0,13.967831770389314,0.6602075539856518,11.0
6569,FrieJo00,1990,6.0,138,SDG,John Friesz,QB,QB,18,23.0,2000.0,0,0,1,26.0,14.0,69.0,745.0,1364.0,8699.0,45.0,42.0,53.0,29.0,0.0,,,,,,Idaho,,,Not Power 5,Not Power 5,11.0,19.768115942028984,0.5461876832844574,126.07246376811594,0.6521739130434783,0.6086956521739131,0.7681159420289855,0.42028985507246375,0.0,0.0,0.0,0.0,10.74267393429385,-2.5649502821098125,10.0
6587,BuckMi00,1990,6.0,156,NOR,Mike Buck,QB,QB,2,23.0,1995.0,0,0,0,2.0,1.0,12.0,55.0,92.0,790.0,5.0,4.0,5.0,-4.0,0.0,,,,,,Maine,,,Not Power 5,Not Power 5,6.0,7.666666666666667,0.5978260869565217,65.83333333333333,0.4166666666666667,0.3333333333333333,0.4166666666666667,-0.3333333333333333,0.0,0.0,0.0,0.0,9.090760869565218,-4.216863346838444,5.0
6763,AikmTr00,1989,1.0,1,DAL,Troy Aikman HOF,QB,QB,53,22.0,2000.0,0,6,11,97.0,97.0,165.0,2898.0,4715.0,32942.0,165.0,141.0,327.0,1016.0,9.0,2.0,-19.0,0.0,,,UCLA,,,Not Power 5,Not Power 5,12.0,28.575757575757574,0.6146341463414634,199.64848484848486,1.0,0.8545454545454545,1.981818181818182,6.157575757575757,0.05454545454545454,0.012121212121212121,-0.11515151515151516,0.0,15.505432372505547,2.1978081561018854,11.0
6813,TollBi00,1989,2.0,51,SDG,Billy Joe Tolliver,QB,QB,17,23.0,1999.0,0,0,2,26.0,10.0,79.0,891.0,1707.0,10760.0,59.0,64.0,99.0,320.0,5.0,,,,,,Texas Tech,,,Not Power 5,Not Power 5,11.0,21.60759493670886,0.5219683655536028,136.20253164556962,0.7468354430379747,0.810126582278481,1.2531645569620253,4.050632911392405,0.06329113924050633,0.0,0.0,0.0,11.460189984649952,-1.8474342317537094,10.0
6845,WilhEr00,1989,3.0,83,CIN,Erik Wilhelm,QB,QB,3,23.0,1996.0,0,0,0,3.0,3.0,22.0,77.0,136.0,912.0,5.0,6.0,19.0,69.0,0.0,,,,,,Oregon St.,,,Not Power 5,Not Power 5,8.0,6.181818181818182,0.5661764705882353,41.45454545454545,0.22727272727272727,0.2727272727272727,0.8636363636363636,3.1363636363636362,0.0,0.0,0.0,0.0,7.557219251336899,-5.750404965066763,7.0
6903,PeetRo00,1989,6.0,141,DET,Rodney Peete,QB,QB,35,23.0,2004.0,0,0,7,46.0,32.0,104.0,1344.0,2346.0,16338.0,76.0,92.0,270.0,1139.0,16.0,,,,,,USC,,,Not Power 5,Not Power 5,16.0,22.557692307692307,0.5728900255754475,157.09615384615384,0.7307692307692307,0.8846153846153846,2.5961538461538463,10.951923076923077,0.15384615384615385,0.0,0.0,0.0,13.405342563446784,0.09771834704312177,15.0
7165,TupaTo20,1988,3.0,68,PHO,Tom Tupa,QB,QB,8,22.0,2004.0,1,1,6,29.0,7.0,220.0,259.0,504.0,3430.0,12.0,25.0,53.0,187.0,1.0,,,,,,Ohio St.,,,Not Power 5,Not Power 5,17.0,2.290909090909091,0.5138888888888888,15.590909090909092,0.05454545454545454,0.11363636363636363,0.2409090909090909,0.85,0.004545454545454545,0.0,0.0,0.0,5.627297979797979,-7.680326236605683,16.0
7173,ChanCh00,1988,3.0,76,IND,Chris Chandler,QB,QB,24,22.0,2004.0,0,2,9,77.0,6.0,180.0,2328.0,4005.0,28484.0,170.0,146.0,371.0,1310.0,12.0,2.0,18.0,0.0,,,Washington,,,Not Power 5,Not Power 5,17.0,22.25,0.5812734082397004,158.24444444444444,0.9444444444444444,0.8111111111111111,2.061111111111111,7.277777777777778,0.06666666666666667,0.011111111111111112,0.1,0.0,14.139956304619226,0.8323320882155638,16.0
7248,SecuSc00,1988,6.0,151,DAL,Scott Secules,QB,QB,5,23.0,1993.0,0,0,0,5.0,,57.0,108.0,204.0,1311.0,4.0,14.0,24.0,136.0,1.0,,,,,,Virginia,,,Not Power 5,Not Power 5,6.0,3.5789473684210527,0.5294117647058824,23.0,0.07017543859649122,0.24561403508771928,0.42105263157894735,2.3859649122807016,0.017543859649122806,0.0,0.0,0.0,5.89718782249742,-7.410436393906242,5.0
7256,HumpSt00,1988,6.0,159,WAS,Stan Humphries,QB,QB,22,23.0,1997.0,0,0,6,50.0,1.0,88.0,1431.0,2516.0,17191.0,89.0,84.0,150.0,356.0,7.0,1.0,-4.0,0.0,,,La-Monroe,,,Not Power 5,Not Power 5,10.0,28.59090909090909,0.5687599364069952,195.35227272727272,1.0113636363636365,0.9545454545454546,1.7045454545454546,4.045454545454546,0.07954545454545454,0.011363636363636364,-0.045454545454545456,0.0,14.653224364069954,1.3456001476662927,9.0
7431,TestVi00,1987,1.0,1,TAM,Vinny Testaverde,QB,QB,32,23.0,2007.0,0,2,14,97.0,22.0,233.0,3787.0,6701.0,46233.0,275.0,267.0,430.0,1661.0,15.0,3.0,6.0,0.0,,,Miami (FL),,,Not Power 5,Not Power 5,21.0,28.759656652360515,0.5651395314132219,198.42489270386267,1.1802575107296138,1.145922746781116,1.8454935622317596,7.128755364806867,0.06437768240343347,0.012875536480686695,0.02575107296137339,0.0,15.357511193960542,2.0498869775568807,20.0
7436,StouKe00,1987,1.0,6,STL,Kelly Stouffer,QB,QB,2,23.0,1992.0,0,0,0,2.0,,22.0,225.0,437.0,2333.0,7.0,19.0,30.0,75.0,0.0,,,,,,Colorado St.,,,Not Power 5,Not Power 5,6.0,19.863636363636363,0.5148741418764302,106.04545454545455,0.3181818181818182,0.8636363636363636,1.3636363636363635,3.409090909090909,0.0,0.0,0.0,0.0,7.458968691491576,-5.848655524912086,5.0
7443,MillCh00,1987,1.0,13,ATL,Chris Miller,QB,QB,37,22.0,1999.0,0,1,7,52.0,41.0,98.0,1580.0,2892.0,19320.0,123.0,102.0,178.0,814.0,2.0,,,,,,Oregon,,,Not Power 5,Not Power 5,13.0,29.510204081632654,0.5463347164591977,197.14285714285714,1.2551020408163265,1.0408163265306123,1.816326530612245,8.306122448979592,0.02040816326530612,0.0,0.0,0.0,15.753143082959326,2.4455188665556644,12.0
7456,HarbJi00,1987,1.0,26,CHI,Jim Harbaugh,QB,QB,30,23.0,2000.0,0,1,10,78.0,38.0,177.0,2305.0,3918.0,26288.0,129.0,117.0,561.0,2787.0,18.0,2.0,-8.0,0.0,,,Michigan,,,Not Power 5,Not Power 5,14.0,22.135593220338983,0.5883103624298112,148.51977401129943,0.7288135593220338,0.6610169491525424,3.169491525423729,15.745762711864407,0.1016949152542373,0.011299435028248588,-0.04519774011299435,0.0,14.16615447175574,0.858530255352079,13.0
7494,CarlCo00,1987,3.0,64,HOU,Cody Carlson,QB,QB,12,23.0,1994.0,0,0,0,15.0,15.0,45.0,370.0,659.0,4469.0,21.0,28.0,81.0,217.0,4.0,,,,,,Baylor,,,Not Power 5,Not Power 5,8.0,14.644444444444444,0.5614567526555387,99.31111111111112,0.4666666666666667,0.6222222222222222,1.8,4.822222222222222,0.08888888888888889,0.0,0.0,0.0,10.046234193222054,-3.261390023181608,7.0
7518,VlasMa00,1987,4.0,88,SDG,Mark Vlasic,QB,QB,3,23.0,1991.0,0,0,0,3.0,2.0,15.0,75.0,142.0,762.0,4.0,5.0,4.0,-1.0,0.0,,,,,,Iowa,,,Not Power 5,Not Power 5,5.0,9.466666666666667,0.528169014084507,50.8,0.26666666666666666,0.3333333333333333,0.26666666666666666,-0.06666666666666667,0.0,0.0,0.0,0.0,7.1450234741784024,-6.162600742225259,4.0
7528,GannRi00,1987,4.0,98,NWE,Rich Gannon,QB,QB,18,21.0,2004.0,2,4,8,99.0,,157.0,2533.0,4206.0,28743.0,180.0,104.0,521.0,2449.0,21.0,2.0,-3.0,0.0,,,Delaware,,,Not Power 5,Not Power 5,18.0,26.78980891719745,0.6022349025202092,183.0764331210191,1.1464968152866242,0.6624203821656051,3.3184713375796178,15.598726114649681,0.1337579617834395,0.012738853503184714,-0.01910828025477707,0.0,17.85148915259063,4.543864936186969,17.0
7540,BeueSt00,1987,4.0,110,RAI,Steve Beuerlein,QB,QB,16,22.0,2003.0,0,1,4,69.0,9.0,147.0,1894.0,3328.0,24046.0,147.0,112.0,225.0,496.0,5.0,1.0,21.0,0.0,,,Notre Dame,,,Not Power 5,Not Power 5,17.0,22.639455782312925,0.5691105769230769,163.57823129251702,1.0,0.7619047619047619,1.530612244897959,3.3741496598639458,0.034013605442176874,0.006802721088435374,0.14285714285714285,0.0,14.05062957875458,0.7430053623509174,16.0
7768,EverJi00,1986,1.0,3,HOU,Jim Everett,QB,QB,52,23.0,1997.0,0,1,10,87.0,,158.0,2841.0,4923.0,34837.0,203.0,175.0,257.0,596.0,4.0,,,,,,Purdue,,,Not Power 5,Not Power 5,12.0,31.158227848101266,0.5770871419865935,220.4873417721519,1.2848101265822784,1.1075949367088607,1.6265822784810127,3.7721518987341773,0.02531645569620253,0.0,0.0,0.0,16.198244837587456,2.8906206211837944,11.0
7777,LongCh00,1986,1.0,12,DET,Chuck Long,QB,QB,11,23.0,1991.0,0,0,1,11.0,11.0,27.0,331.0,607.0,3747.0,19.0,28.0,34.0,88.0,0.0,,,,,,Iowa,,,Not Power 5,Not Power 5,6.0,22.48148148148148,0.5453047775947282,138.77777777777777,0.7037037037037037,1.037037037037037,1.2592592592592593,3.259259259259259,0.0,0.0,0.0,0.0,10.359529257428765,-2.948094958974897,5.0
7812,TrudJa00,1986,2.0,47,IND,Jack Trudeau,QB,QB,20,24.0,1995.0,0,0,3,23.0,21.0,67.0,873.0,1644.0,10243.0,42.0,69.0,97.0,186.0,3.0,,,,,,Illinois,,,Not Power 5,Not Power 5,10.0,24.53731343283582,0.531021897810219,152.88059701492537,0.6268656716417911,1.0298507462686568,1.4477611940298507,2.7761194029850746,0.04477611940298507,0.0,0.0,0.0,10.350144351236517,-2.9574798651671443,9.0
7832,BrisBu00,1986,3.0,67,PIT,Bubby Brister,QB,QB,29,24.0,2000.0,0,0,4,41.0,32.0,99.0,1207.0,2212.0,14445.0,81.0,78.0,191.0,546.0,8.0,2.0,-8.0,0.0,,,La-Monroe,,,Not Power 5,Not Power 5,15.0,22.343434343434343,0.5456600361663653,145.9090909090909,0.8181818181818182,0.7878787878787878,1.9292929292929293,5.515151515151516,0.08080808080808081,0.020202020202020204,-0.08080808080808081,0.0,12.678065008128298,-0.6295592082753636,14.0
7836,MillHu00,1986,3.0,71,RAM,Hugh Millen,QB,QB,11,22.0,1995.0,0,0,2,16.0,0.0,40.0,560.0,928.0,6440.0,22.0,35.0,65.0,260.0,1.0,,,,,,Washington,,,Not Power 5,Not Power 5,10.0,23.2,0.603448275862069,161.0,0.55,0.875,1.625,6.5,0.025,0.0,0.0,0.0,11.53448275862069,-1.7731414577829714,9.0
7911,RypiMa00,1986,6.0,146,WAS,Mark Rypien,QB,QB,55,23.0,2001.0,0,2,5,56.0,51.0,104.0,1466.0,2613.0,18473.0,115.0,88.0,127.0,166.0,8.0,,,,,,Washington St.,,,Not Power 5,Not Power 5,16.0,25.125,0.5610409491006506,177.625,1.1057692307692308,0.8461538461538461,1.2211538461538463,1.5961538461538463,0.07692307692307693,0.0,0.0,0.0,14.7683421833142,1.4607179669105381,15.0
7915,GelbSt00,1986,6.0,150,DAL,Stan Gelbaugh,QB,QB,2,23.0,1996.0,0,0,1,2.0,,20.0,192.0,391.0,2100.0,10.0,22.0,28.0,108.0,0.0,,,,,,Maryland,,,Not Power 5,Not Power 5,11.0,19.55,0.49104859335038364,105.0,0.5,1.1,1.4,5.4,0.0,0.0,0.0,0.0,7.775485933503835,-5.532138282899827,10.0
8135,CunnRa00,1985,2.0,37,PHI,Randall Cunningham,QB,QB,52,22.0,2001.0,1,4,7,107.0,83.0,161.0,2429.0,4289.0,29979.0,207.0,134.0,775.0,4928.0,35.0,2.0,-6.0,0.0,,,UNLV,,,Not Power 5,Not Power 5,17.0,26.63975155279503,0.5663324784332012,186.2049689440994,1.2857142857142858,0.8322981366459627,4.813664596273292,30.608695652173914,0.21739130434782608,0.012422360248447204,-0.037267080745341616,0.0,19.89733099551214,6.589706779108477,16.0
8155,ReicFr00,1985,3.0,57,BUF,Frank Reich,QB,QB,3,23.0,1998.0,0,0,1,15.0,8.0,118.0,508.0,932.0,6075.0,40.0,36.0,91.0,78.0,0.0,,,,,,Maryland,,,Not Power 5,Not Power 5,14.0,7.898305084745763,0.5450643776824035,51.483050847457626,0.3389830508474576,0.3050847457627119,0.7711864406779662,0.6610169491525424,0.0,0.0,0.0,0.0,7.922465810722339,-5.385158405681323,13.0
8240,BonoSt00,1985,6.0,142,MIN,Steve Bono,QB,QB,2,23.0,1999.0,0,1,2,32.0,0.0,88.0,934.0,1701.0,10439.0,62.0,42.0,125.0,257.0,7.0,1.0,2.0,0.0,,,UCLA,,,Not Power 5,Not Power 5,15.0,19.329545454545453,0.5490887713109935,118.625,0.7045454545454546,0.4772727272727273,1.4204545454545454,2.9204545454545454,0.07954545454545454,0.011363636363636364,0.022727272727272728,0.0,12.023558167655391,-1.2840660487482705,14.0
8241,HilgRu00,1985,6.0,143,RAI,Rusty Hilger,QB,QB,5,23.0,1991.0,0,0,1,5.0,3.0,23.0,204.0,464.0,2584.0,11.0,19.0,35.0,91.0,0.0,,,,,,Oklahoma St.,,,Not Power 5,Not Power 5,7.0,20.17391304347826,0.4396551724137931,112.34782608695652,0.4782608695652174,0.8260869565217391,1.5217391304347827,3.9565217391304346,0.0,0.0,0.0,0.0,7.992203898050975,-5.315420318352687,6.0
